0.wav,지금부터 그러면 본격적으로 우리가 도련동에 대해서 조사를 할 거라 예? 이 마을이 언제 어떻게 형성뒛덴 헌 말 알아지는 데로 ᄀᆞᆯ아줍서.,77,9.87
1.wav,"예, 그건 한 칠백년 전에 이제 그 설촌이 시작이 되었다고 헙니다.",37,5
2.wav,예. 칠백년 전에 설촌이 뒈엇는데 이제 그루후에 이제 성씨들이 여러 성씨들이 많이 와가지고 현재는 ᄒᆞᆫ 팔십여 성씨. 경 뒈서마씀.,74,11.61
3.wav,예. 그러면은 칠백년부터 허는데 설촌할 때 어떤 성씨들이 헷덴 말도 이신가마씨?,44,6.39
4.wav,그 다음 양씨. 고씨. 마 대략적으로 요런 순서가 뒘서양.,32,3.9
5.wav,"예. 게믄 그때는 그렇게 하다가 지금은 어느 성씨가 젤 하우꽈? 요즘 은, 요즘 도련?",48,7.89
6.wav,"요즘은 역시 김씨, 고씨 이제 그렇게덜 잇어난디 이제 그 사방으로 이 젊은 사름이 전부 떠나부려 놓니까 모든 성씨가 골고로 그자 많토 아녀고 족도 아녀고 그자 경 뒈어서마씀.",97,16.3
7.wav,이젠 성씨가 아까 뭐 몇 가지지?,18,2.8
8.wav,그것도 그 성씨가 내가 그전에 반장을 헤봣는데.,26,3.95
9.wav,반장을 여기서 여기 도련에 일반인디 여기가.,24,4.06
10.wav,"우리 반 귀역만 조사해 보니까 한 이십여 성씨가 되니까, 아 이젠 그것에 추미가 부떤. 또 ᄄᆞᆫ 반에는 어떤 성씨가 잇나 헤서 영 그 저 수소문헨 보니까 ᄒᆞᆫ 팔십여 성씨가 뒈연에.",103,15.57
11.wav,상당이 많은 성씰 가졋는데 기씨같은 분들은 에 대개 그 여자 어른 덜이 왓다가 이제 가버리니깐 지금 현재 남자로선 없는 거 같고.,72,11.73
12.wav,그 지금 그러면 지금 여기가 도련일동 아니우까예? 여기가 옛날 이름 뭐라마씨?,43,5.79
13.wav,지금 도련드르는 게면 몇 명 정도 살고 있고 아까 일반이라고 헷는데 몃 개 반으로 형성되었는지.,53,7.09
14.wav,예. ᄒᆞᆫ 백설 남은 호가 이제 살고 잇고.,25,3.49
15.wav,옛 어른덜. 인제 그 외에 현재는 이 아파트나 또 이 저 빌라들이나 이렇게덜 많이 와 놓니깐 거기에 그 온 어른덜은 우리가 얼마가 사는지 걸 모르커 라마씸.,87,15.35
16.wav,옛날 전통적으로 쭉 내려온 분들이 한 백삼십 여호고예 아까 반은 멧 개로 구성뒌마씨? 옛날 요즘 사름덜 말고.,61,11.1
17.wav,또 자연마을덜도 이신가마씨? 웃동네니 알동네니 허는 식으로?,33,4.96
18.wav,이제 그런 것은 이 서쪽에 삼수샛내는 이제 항몽시대에도 거기서 이제 싸움을 헷다는 그런 그 구전이 잇고.,58,8.9
19.wav,"으, 삼수샛내에서. 그 항몽 그 당시 에, 김, 김수 장군. 아, 김.",39,8.67
20.wav,김수 장군이 이제 거기서 이제 저 밑엣 동네 밑에서 으 삼양삼동 가까운 디서 싸움헷다는 그런 그 구전이 잇는가 하면은.,66,11.26
21.wav,지금 현재 역사적으로 찾알 봐도 찾을 길이 없어가지고 입으로 전허 는 말이니까.,44,6.23
22.wav,지금 그렇게 되고. 다시 잠깐이.,18,2.76
23.wav,동쪽으로 나가민 거기서는 옛날 그 옆에 망내미동산이 잇는데.,33,5.74
24.wav,"망내미는 그 저 옛날 사형수, 사형허던 사람.",25,4.11
25.wav,"경헌 사람들이 이제 있엇다고 허고, 벤밧은 이제 사람 그 목을 짤라 난 곳이 아닌가.",47,7.95
26.wav,예전에 이제 즉 말허면 한 칠십 년대 초.,23,4.21
27.wav,"이제 그때는 이제 그 조사해 보니까 거기 무덤도 많고 허니까, 그 다 시 새나물이라고 해서.",51,7.59
28.wav,그 도련을 이렇게 다스리는 밖에.,18,3.54
29.wav,"물인 거 같아. 새나물헌 게. 벤방, 벤방 새 자 놔가지고. 생수 니 뭐니 지금 허는데, 내가 생각헐 때는 변방 새 자로 변두리에 잇는 물이라고 헤 서 이제 새나물이 아닌가.",97,18.15
30.wav,"이제 그렇게 들고. 에 요쪽으로 다시 서쪽으로 똑허게 이 저 마을, 마을로 들어오면은 이제 웃수영이라고 허는 곳이 있는데.",68,12.12
31.wav,웃수영은 옛 어른덜이 경기장.,16,2.96
32.wav,경기장을 이제 사전엘 ᄎᆞᆽ아보면은 수영이 경기장입디다.,31,5.39
33.wav,경기장을 허면서 그 경기장을 수영을 받침해주는 것이 관동산.,33,5.78
34.wav,"그 양쪽으로 이제 관람헐 수 잇는 그런 위치가 되어 잇고, 다시 그 앞에 저대왓이 잇고 베지왓이 잇고.",57,8.27
35.wav,이제 그런 걸 보면은 이제 저대왓은 그때 그 경기헐 때에 그 경기허 는 사름덜을 즐겁게 허기 위해서.,56,8.3
36.wav,"이제 그 불무 모든 그 병기를 만들고, 다시 그 옆 밧이 묵, 묵고왓 . 묵고왓은 무슨 밧인고 하면은 무기를 만들어서 이제 창고에 넣었든 그.",79,14.28
37.wav,"수진무 벼슬까지 헤엿고. 이제 다시 또 거기에 다시 안병대. 지금으로 말허면 소연병장, 작은 병뒤 훈련 가르치던 곳. 또 그 밑으로 오면 은 베리왓이 잇는데.",88,14.63
38.wav,"베리왓은 뭐이고 허면 지금 에, 줄다리기 하던 밧. 뭐 옛 어른덜이 그물코가 만이라도 베릿줄 없으면 못헌다.",60,11.71
39.wav,다시 또 밑으로 내려가면 베리왓.,18,2.44
40.wav,"아 저 거세기, 베리왓이 아니고 수위집터.",23,2.75
41.wav,으. 게믄 저 뒷동산에 이제 수위집터가 잇는데 수위집턴 그 경비허는 사름덜이 살면서 거기에 사방을 그 살피던.,61,9.29
42.wav,ᄉᆞ방데레 베리던 경헌 이제 터. 다시 그 옆에 가면은 굴동산이라 고 잇는데 그건 지금 우리가 찾아볼 길이 없고.,63,9.42
43.wav,게니까 거기서 뭘 만들어난 것도 같으고. 그것도 없고. 다시 또 이 동쪽으로 돌아오면은 절왓이 잇는가하면은 그 절왓은 에 서 목사.,73,13.37
44.wav,그때에 그 절을 없애는데 에 거기 절간도 같이 없어졋다고 헙니다.,36,5.45
45.wav,이제 지금 더는 셍각이 잘 안 나가지고.,22,2.84
46.wav,이제 다 말을 못허겟는데 대략적으로 이제 이런 요 정도.,31,6.62
47.wav,아닙니다. 아니우다. 원단이ᄆᆞ루에는 그 묘덜토 써버리고 뭐허니깐 이젠 마을회관에서 이제 젤 지내고.,56,10.29
48.wav,그 옆에 이제 그 사삼 위령. 그 한 벡 메다 이제 동쪽으로 사삼위령 비가 세와 잇고 거기에 당.,54,8.14
49.wav,"그 아까 말헐 때 그 거욱대 잇엇던데예, 거기는 답은 엇어마씨? 옛날 에 답들도.",45,7.7
50.wav,지금도 거욱대가 남아 잇는 건 잇잖우꽈? 탑은예.,27,3.37
51.wav,엇어. 싹 밀언에 과수원덜 다 뒈부니까.,22,4.12
52.wav,지금은. 어렷을 때는 봐난마씨?,17,2.88
53.wav,알아수다. 혹시 이 마을에는 그 기관덜예?,23,3.95
54.wav,기관들은 어떤 게 이신고예? 도련에 기관 잇덴 허면은.,30,4.05
55.wav,"도련에 기관 잇덴 허면은 뭐 우선 지금 마을 마을회장이 잇고, 청년 회가 잇고, 부녀회가 잇고. 또 옛날은 농사구락부, 농사구락부랏는데.",76,12.93
56.wav,"지금은 농, 이 저, 농촌지도자협의회.",21,4.3
57.wav,"에, 그게 존재헷다가 그, 이제 그건 많이 없어졋고.",29,4.09
58.wav,지도자협의회는 많이 없어지고 이제 그 나무지는 사에치도 지금은 없어져분 거 같으고. 지금 이제 독서실 남아 잇고.,63,9.18
59.wav,"이제 경로당이 잇고, 이제 마을회관이 잇고 이제.",27,4.16
60.wav,그 저 다른 기관들은 엇어예?,16,2.31
61.wav,"혹시 예전에는 이 마을 일들 허젠 허면은 접덜이 하나지 아녀우과예? 제, 제. 이 마을에는 어떤 제들이 잇어나신고예?",65,10.25
62.wav,"이 마을에는 목, 에 주로 목장제.",19,3.73
63.wav,"목장제가 이 우마를, 이 소 말을 키우기 위헤서 목장제가 잇엇고, 다 시 이 사람이 죽으면 이 천, 이 장막이라고 허카. 천막을이.",73,13.58
64.wav,"장막제 그런 게 잇고. 또 그, 그 전에는 다시 저 씨집 장게가젠 허면 이 가마.",45,6.78
65.wav,"가마제덜이 잇엇고, 이제 대개 그 정도밖에 모르겟네.",29,4.1
66.wav,"음, 목장제, 삼춘 목장제도 헤봅디가?",21,4.91
67.wav,목장제는 어떤 식으로 운영헤서마씨?,19,2.08
68.wav,"목장제는 어느 한 부위가 회천 간 목장을 사가지고 이제 ᄒᆞᆫ 만 멧 천 평 그 사가지고 이제 여름에 이제 거기 가서 놔가지고 멕이고,",75,11.94
69.wav,"예, 그런 식으로 허는 거라예? 그런 제는 게믄 멧 개 정도 이 마을엔 잇어신고예?",46,6.35
70.wav,한 두 개 정도. 동 동쪽마을 서쪽마을 헨에.,25,4.33
71.wav,목장제는예? 아까 장막제 같은 경우는?,21,3.17
72.wav,"그렇게 막 크지는 안 허난예, 가마제 이런 것도 헤봅디가?",32,4.75
73.wav,"아니 그건, 저 우리가 어렷을 때에.",20,2.88
74.wav,나도 우리 집사름도 가마 탄 왓주마는.,21,2.62
75.wav,아주 도련서 마지막으로 탓어.,16,2.31
76.wav,"아, 옛날 그 사진 찍은 것도 잇수과?",21,2.67
77.wav,기구나예. 이 마을에 풍습이라고 하면 어떤 풍습들이 독특헌 풍습인 고예?,40,5.92
78.wav,"이 마을에 풍습은 지금 이제 경, 경로를 생각헤야주양.",30,4.33
79.wav,"경로, 웃어른을 그 역시 도리를 이제 받아서 큰 사름이니까.",33,5.26
80.wav,"그 웃어른을 섬기고, 이제 잘 그 거기에 이제 적응하도록이 후배에게 도 가르키고, 그러지마는 이 새 사름덜이 자꾸 들어와 놓니까 으, ᄆᆞᆫ 범벅덜 뒈연.",86,13.89
81.wav,"아까 그 저기서도 얘기헷수다마는 풍습 중에 비 메는 거, 멘촌이면 은 이제 구덕 ᄌᆞᆮ는 거예, 이런 것도 좀 ᄀᆞᆯ아 줍서?",70,10.41
82.wav,애기구덕은 에 도련이 엿날 그 목사가 와도 도련 와서 애기구덕은 다. 사 가낫젠 허여.,48,9.65
83.wav,"젤 ᄎᆞᆷ 그 제주도 안네서는 애기구덕 만드는 것은 도련이 췌고로 그 꼽앗고, 곱게 만들엇젠 ᄃᆞᆫᄃᆞᆫ허고 곱게 만들엇젠. 경허고 그 다음에 빗자루는.",85,13.87
84.wav,"그 아주 옛날부터도 만들어서 썻는데, 이제 우리 그 뭐 그 수입을 의 존, 아 저 이 돈을 벌기 위한 그 뭣에 이제 도련 그 고씨 어른이 일본에 가가지고.",86,13.27
85.wav,각 면 읍에 이제 ᄒᆞᆫ 가마니썩 씨를 보낸 거라.,28,4.03
86.wav,"보냇는데 결국 남아난 곳은 도련밖에 안 남아나고, 사삼사건 후에 우 리가 주 수입원이 빗자루를 이용헤가지고 이제 많이 살앗주예.",71,11.6
87.wav,음. 그 비차락 저기 허는 그 대죽은 무슨 대죽헤마씨? 여기서는.,36,5.64
88.wav,나중에 한번 더 해보고예? 그러면 그게 이 마을 특산물.,31,4.98
89.wav,특산물이 그거 뒈는 건가마씨? 이 애기구덕허고.,26,4.05
90.wav,아 게난 ᄉᆞᆼ키구덕도 그것에 따랑은에 ᄀᆞ치 멘들앗고 애기구덕허고 그 구덕은 이 ᄉᆞᆼ키구덕은 겸허연에덜 만들언.,64,10.87
91.wav,"음, 그러면 애기구덕허고 ᄉᆞᆼ키구덕 그 ᄌᆞᆯ앗던 거는 언제까지 헷수 가?",42,6.36
92.wav,근 사삼사건 때까지 헤연. 사삼사건 때까지.,24,5.17
93.wav,아니 삼년 전까지 그 할아부지가 헷는데 돌아가셧어.,28,3.88
94.wav,"비 메는 것은 지금, 지금도 ᄒᆞᆫ 멧 어른이 메고 잇지마는 에 그 아주 왕성기라고 허까.",50,7.53
95.wav,"그때는 한 귤나무 심어서 경 허니까 육, 칠십 년대.",29,4.67
96.wav,예. 요즘은 뭐 다 청소기도 다 나와 불고 허난예?,28,3.8
97.wav,청소기 나오고 역시 지금도 이 밖에 쓰는 건 빗자루고 좋고.,33,6.28
98.wav,"아, 게난 그 빗자루허고 아까 이제 애기구덕이 우리 여기 특산품이 렌.",39,5.15
99.wav,ᄉᆞᆼ키구덕하고예. 특산품이고. 요즘 귤 같은 것도 특산품 아닌가마 씨?,40,6.33
100.wav,"귤 특산품입주. 저 우리, 우리를 살리고 잇는 거니까. 귤 아니면 살 수가 없지.",45,7.41
101.wav,이 마을에 그러면은 여기 대부분에 옛날 어른들은 다 농사짓는다고 보민 뒈지예? 그 분들이 전부 귤 농사를 헴신가마씨?,65,8.86
102.wav,"예, 거즘. 이제 세대가 젊은 세대들이 그걸 헤줘야 뒐 건데, 젊은 세 대들은 다 직장 따라 나가버리니깐 이제 그분들이 연, 낫ᄉᆞᆯ이이 ᄒᆞ꼼 들어가 사 다시 돌아올 텝주.",97,15.09
103.wav,경 아녕은 돌아오질 아녈 거우다.,18,2.01
104.wav,이 마을 자랑거리엔 허믄 뭔고예? 이 도련드르 자랑거리?,31,6.4
105.wav,도련에 자랑거리엔 허면은 역시 그 경로사상이 좋고. 또 그에 따라서 이 도리를 가리키니까 이 선생님덜토 많고.,61,9.14
106.wav,다시 그런대로 이 학자님들토 잇고.,19,3.12
107.wav,예. 여기는 마을끼리 이렇게 어른들끼리 화합이 잘되는 편입니까? 여 기 도련은?,44,6.9
108.wav,겐디 그 잘뒌다 못뒌다 허는 건 내가 ᄒᆞᆫ 팔십 년 살고 보니까 스물 네 시간에 반은 밤이고 반은 낮 아닙니까?,63,10.18
109.wav,게난 그것이 잇어야 조화가 되지.,18,3
110.wav,그거 없엉은 조화가 뒐 수 엇어.,18,2.19
111.wav,"그걸 잘 넘기면은. 겨고 내가 항시 이 얘기허는 것은 마, 기독교인들 은 그것을 믿지 않지만은 전생과 현생과 후생을 연결하면은 아무리 이제 악헌 사람 이 와도 악헐 수가 없어요.",99,17.15
112.wav,"경허민 사람들이 이 마음이 다, 이 다음에 결혼덜 허영 살아도 그런 셍각을 하면은 하나 싸울 거 엇어.",57,8.19
113.wav,알아수다. 이제까지는 이 마을 전체에 대해서 대강 여쭤봐서양? 이제 부터는 이제 어르신 개인에 대해서 쫌 물어보쿠다.,65,9.74
114.wav,"그 낳고 자란 그 과정예, 어렷을 때부터 쭉 대략적으로 이제까지 살 안 보난 이렇게 살아져신게 허는 이런 말씀을 헤여줍서.",68,10.07
115.wav,"글쎄, 그 말이 그렇게. 책으로 엮어 보젠 헤도 그게 상당히 힘들고.",38,5.91
116.wav,"것은 책을 만드, 그렇게 허다 보니깐 책도 만드는 사름이 만드는 거 지 아무나 만드는 게 아니로구나.",56,9.25
117.wav,"허연, 어렷을 때 태어나가지고 그때에는 이 저 옷도 강알튼옷 ᄉᆞ나이 덜은.",42,7.62
118.wav,"에, 저 겨고 뭐 거즘 반은 나체덜 헤영 다녓으니까.",29,4.14
119.wav,삼양국민학굘 가가지고 이제 공부하는데 사삼이란 게 이제 터져가지 고. 이제 사삼 때문에 이 우리가 공부할 것도 못헷수다.,67,10.22
120.wav,게난 이젠 ᄎᆞᆷ 국민학굘 ᄆᆞ쳔에 중학교 가는 사름은 가고 못 가는 사 름은 못 가고 나도 못 가수다.,58,8.89
121.wav,못 간에 ᄎᆞᆷ 막 늦언에 이제 다녓는데 늦어도 이 송죽학교엔 헨 잇 어낫수다.,44,7.34
122.wav,"송죽학교가 잇엇는데, 그 학교를 다녓고, 이젠 그 그건 나대로 버을 면서.",41,6.1
123.wav,"이제 다녓는데, 이제 그러다보니까 그때가 한 스무 살이 거즘 뒈어서 마씀.",41,5.43
124.wav,스무 살이 뒈어서 중학생이 스무 설이 뒈여서.,25,3.46
125.wav,이제 그 다음에 이제 고등학교 일고가 생긴다고 헤가지고 무조건 일고에 가서 저 원서 들이고 이제 일고에 일 년 다니니까.,67,9.91
126.wav,이젠 그땐 이제 낮에는 버을고 밤에는 학교 다녀야 하니깐 그 야간 이 잇엇수다. 일고도.,49,7.62
127.wav,일고도 야간 잇엇는데 일 년 다니니까 학교 운영상 상당이 이제 쫌 힘드니까 저 상고로 이제 넘겨버린 거라.,59,8.22
128.wav,"그 야간학생들을 일체, 또 주간에 갈 사름은 주간에 가고. 상고 그 강석범 교장님한테 이제 가가지고 거기서 일 년을 다니니까.",70,10.22
129.wav,"예, 나이 때문에. 이제 영장이 나오고. 이제 가서 갓, 이제 가서 삼년 살고 또 와서 복학을 허니까 이제 졸업허겐 뒈니까 ᄒᆞᆫ 스물일곱 뒈불엇주.",83,15.13
130.wav,"중학교, 고등학교 졸업허게 뒈니까.",19,2.6
131.wav,"그 새에 쫌 일찍 결혼헤가지고 그때는 우리가 스무한 살에 결혼을 헷는데, 결혼헤서 학교에 다녀도 일체 아무도 몰랏어.",65,9.54
132.wav,우리 집의 사름이 상당이 고셍 많이 헷주.,23,3.52
133.wav,예. 고셍헌 얘기는 우리 여자 삼춘한티 들어보믄 잘 알쿠다예?,34,6.46
134.wav,부모님은 어떤 일을 하션마씨?,16,1.75
135.wav,아버진 사삼에 돌아가셧수다마는.,17,2.07
136.wav,이제 그러면서 살다가 이제 돌아가셧고.,21,2.87
137.wav,"아부진 사삼 때 돌아가셧고 어무니는 한 멧 년, 한 십 년 넘엇구나. 이제 ᄒᆞᆫ 십 년 넘고.",53,8.37
138.wav,게민 어머니는 농사만 지으면서 살아시쿠다예?,24,3.34
139.wav,"어릴 때 놀앗던 기억은, 어떤 놀이 허멍 노는 거 기억남수가?",34,3.51
140.wav,어린 때는 이 그게 제기차기.,16,2.89
141.wav,이제 그 일본 사름들이 그 훈련 가리키는 거 봐서 그 전쟁놀이.,35,4.35
142.wav,연날리기 ᄀᆞ튼 건 안허고마씨?,17,2.5
143.wav,연날리기야 당연이. 건 뭐 아이서부터 어린아이부터 노인덜까지도 다 연을 날렷으니까.,46,6.39
144.wav,게고 연 만드는 분덜은 그 ᄒᆞᆫ 멧 분. 잘 만들어야 뒈니까. 잘 떠야 잘 뜨게 만드는 사름은 그 잘 만드는 사름이니까.,68,10.43
145.wav,예. 게문 우리 삼춘은 연 잘 만드는 사람 축에.,27,4.53
146.wav,"아니, 난 아무 것도 못허는 사람.",19,2.5
147.wav,"아이고, 공출 그냥 그건 말도 못헤서마씀.",23,4.05
148.wav,"이제 자기 그 배당량을 못 바치면 그냥 그 관청에, 우린 어려부니까 와서 그냥 막 그 야단허는 것만 알지. 뭐 별 거세긴 나가 직접 느끼진 못헷으니까.",84,13.51
149.wav,"예, 뭐 어무니네나 아부지네나 ᄀᆞᆮ는 소린 안 들어봔마씨? 일제 때 어 떤 공출허젠 허난 우리 막 저기 고셍헷저.",64,10.82
150.wav,그쪽에 가서 사다가 먹으면서 연명허고.,21,2.69
151.wav,"음, 먹을 ᄊᆞᆯ들을 부족허니까 감저 먹언 산 거라예?",30,5.27
152.wav,어떵 아버지도 돌아가셧덴 허던데 많은 고셍을 헤실 거 닮은데예?,35,4.7
153.wav,"에, 그걸 가젼 거 ᄒᆞᆫ 반 병, 지금 오벡 시시 ᄒᆞᆫ 이벡 오십 시시 정도 뒌 걸 가젼완 허니까 그걸로 그냥 앞뒤만 소독허는 거라.",76,10.18
154.wav,오래 ᄒᆞᆫ 멧 ᄃᆞᆯ 살아가니까 그대로 이제 회복뒈연.,31,4.67
155.wav,"이제 ᄎᆞᆷ 우리 나 동셍, 여동셍허고 남동셍 잇는데 남동셍은 걷도 못허는 거 이제 그냥 그 기어 다닐 때에 이제 업언에 그냥 ᄎᆞᆷ 동셍 키우고.",82,13.73
156.wav,허허. 할머니 하르버지가 같이 내려가니까 에 할머니 하르버지 의지 허곡 어머닌 또 환자라 놓고 허니까 뭐 못허고 경 헤연.,68,11.25
157.wav,"에, 경허난에 그것이 예를 들엉근엥에 이디서 어디 옛 어른 말이 먹 기 싫은 음식은 못 먹지마는 입기 싫은 옷은 입어야 헌다는 말이 거기서 느꼇습니 다.",85,13.12
158.wav,어떵 헨 느껴신고 허니까 한겨울이라고 옷이 없으니까 반즈봉 입고 옛날은 살마다라고 헷는데 그거 ᄒᆞ나 입고 이제 성안 시내.,69,10.59
159.wav,"또 왓다갓다허고, 그렇게 허면서 무신 거 ᄎᆞᆷ 필요헌 거 이시민 그디 강 사오곡 여기서 또 가졍가근엥게 ᄑᆞᆯ 것도 제대로 엇지만은 ᄑᆞᆷ도 허곡.",83,11.44
160.wav,경허멍 살아십주. 그때 그 저 말론 어떻게 형용을 제대로 헐 수가 엇 어양.,42,6.01
161.wav,"겪은 마음, 그 밖으로 표현헐 수 없는 게 ᄎᆞᆷ 그건디.",32,4.19
162.wav,"예, 맞습니다. 결혼은 연애결혼헷수가? 중매결혼헷수가?",30,4.68
163.wav,아 어떵 누게가 중매헤연에 어떵 결혼헌 거우과?,26,3.31
164.wav,여자 어른덜도 열여덟 이상이민 결혼덜 헷고.,24,3.76
165.wav,"음, 우리 여자 삼춘허고 나이는 멧 살 차이마씨?",27,4.19
166.wav,"으. 연상, 저 두 살 우에.",16,2.35
167.wav,좋아. 게고 죽을 때도 남자가 빨리 죽잖아.,24,3.44
168.wav,게민 웃사람 허민 거의 거즘 비등비등허게 간다 이거지.,30,4.01
169.wav,음. 에 그때는 그런 거 저런 걸 몰란 그자 무조건 갓는데 지금 와서 셍각해보니까 그런 뭣도 잇드라 이겁주.,60,10.16
170.wav,게난 싸울 일은 엇어시쿠다예?,16,1.89
171.wav,어째든 이 뭐인가 아웅다웅해야 가정이 형성되는 거지.,29,3.77
172.wav,"예, 맞수다. 사주는 봣수가? 게믄, 중매결혼헐 때에?",30,5.46
173.wav,예. 건 어른덜이 허는 거니까.,17,2.61
174.wav,게난 그 사주 본 것도 예를 들엉근엥에 우리 집사름허고 난 큰 수화 거든. 그게. 에 수화. 경헨 안 뒌덴.,60,10.53
175.wav,"안 좋다 헐 건디. 그 사람덜이 서로가 얼마큼 참느냐, 얼마큼 배려허 느냐 거기에 매달린 거고.",53,7.87
176.wav,"사주가 좋다 궂다 헤도, 견디 지금까지 살면서 딱 나가 ᄒᆞ나 그 뭐헌 것이 내궁합 웨궁합허는데 그 사주보는 건 외궁합을 보는 거고,",74,12.38
177.wav,내궁합만큼은 맞아야 후손들이. 내궁합 안 맞으민 후손은 없어.,34,6.08
178.wav,으음. 그게 더 중요헌 겁주. 그 혼수품 할 때 그때는 너무 어려울 때 난 하긴 허지만 혼수나 결혼 예물로 헤갖고 뭐 우리 여자 삼춘한테 준 건 엇수가?,85,12.84
179.wav,"게도 그 결혼헐 때 뭐 헙디가, 게믄?",21,2.53
180.wav,경 옷 정도 그자 그땐 헤주난.,17,2.31
181.wav,이 치마저고리덜. 무슨 ᄄᆞᆫ 뭐 엇엇어.,23,3.95
182.wav,예. 게영 무신 저고리를 헤신고?,18,2.94
183.wav,여자 삼춘이 알아야 뭐 호박단이여 뭐 뉴똥이여 이런 말 헐 건디양?,37,4.79
184.wav,"글쎄, 난 뭐가 뭔지 모르고. 지금도 몰라.",24,4.45
185.wav,"아아, 그 혼인은 어디서 헷수가?",18,2.54
186.wav,집에서? 게민 이 집은 옛날부터 쭉 살아온 집마씨? 아버지 때.,35,5.43
187.wav,"아아, 사삼사건 후에. 결혼은 언제 헌 거라마씨?",27,4.08
188.wav,결혼은게 사삼사건 바로 끗나면서.,18,3.25
189.wav,"음, 그때 새 집의서 헌 거구나.",18,3.16
190.wav,"겨난 그땐 그, 그 당신 그 저 뭐, 이 지금은 예식장에서 예식을 허지 마는.",43,6.36
191.wav,그때 그 구식으로서는 친연이라고 헤여. 그대로 영 허연 서로덜 절허 고 이 표주박 끈 무꺼서 이제 그 표주박에 술 서로덜 이렇게 먹고.,75,11.1
192.wav,"아이, 결혼사진 찍은디, 게메 이사헤연 뎅기단 보난 어디덜 다 가부 런 ᄂᆞ시 ᄎᆞᆽ질 못허연.",53,8.29
193.wav,"음, 아까 우리 여자 삼춘은 가멜 탕 왓젠 허고 삼촌은?",31,4.86
194.wav,"아, 그땐 사모관대 아년 사람도 하신디예?",23,2.75
195.wav,"그 대신 그 저 마을 에, 저 하인덜엔 헷지, 그때는.",30,3.91
196.wav,"동넷일 보는 사름 보고. 음, 그 사름덜이 이제 가마덜 메고 이제 ᄆᆞᆯ 끌고.",44,7.29
197.wav,"이제 막 그 중간에 이제 그렇게 못헤봐서 치년, 치년덜 못헌 사름, 못헤본 사름덜은 그냥 다시 장게가구정 허덴 그냥 뭐.",67,10.47
198.wav,게난 표주박허고 이제 술 먹는 걸 걸 이제 친연이렌 허는 거라마씨?,37,5.54
199.wav,여기 상 이렇게 놓고 상 차려놘에 이제 그 저 지금은 주롄데 그 집 례.,40,6.73
200.wav,"집례가 전부 이렇게 헙서, 저렇게 헙서, 그게 그 저 구령. 홀기.",37,6.23
201.wav,"음, 게난 그 예식 자체를 친연이렌 허는 거구나예?",28,4.17
202.wav,"예식 자체를예, 신혼살림은 어디서 헌 거라마씨, 게믄?",30,4.09
203.wav,"어디 여행이엔 헌 것도 엇고, 그때는 씨집오면은 신랑 집에서 하루 저녁 자고.",43,6.28
204.wav,그 뒷날은 신부 집에 가는 거라.,18,1.87
205.wav,게난 우시라고 헤가지고 이 상객.,18,3.16
206.wav,"상객덜은 이제 결혼, 잔칫날, 잔칫날 서로 인사덜 허고 뭐 어쩌고 허 는데.",42,7.35
207.wav,그쪽 부모님이나 이쪽 부모님은 만날 시간이 없으니까.,29,3.74
208.wav,"이제 그 뒷날 거기 갈 때 같이 가서 인사허고, 또 그 다음날 신랑집 에 올 때에 와서 같이 인사허고.",57,7.83
209.wav,"예, 우리 여자 삼춘 올 때 뭐헹 와십디가? 혼수렌 헹은에.",33,5.56
210.wav,혼수게 궤허고 이불허곡게 보선덜 줘근에 줘놓고 헤근에 옛날은 그 거민 아주 잘 ᄎᆞᆯ련 온 거.,53,8.01
211.wav,궤 가졍 오믄 잘 ᄎᆞᆯ령 온 겁주예? 이불은 멧 채나 헨 완마씨?,37,4.57
212.wav,아이들은 오 남맨데 삼남 이녀.,17,2.55
213.wav,"음, 여자 삼춘한티 물어봐야 뒐 게 여기 나왓구나? 자식들 결혼은 다 시켠마씨?",44,6.99
214.wav,"어떵 어떵 허여마씀, 이제 큰ᄄᆞᆯ은 연예헨 가버리고.",30,5
215.wav,이제 서울 가버리고. 그 다음은 큰아덜 ᄑᆞᆯ아얄 건디 큰아덜도 그 연극영화과 다니단에 거기서 안 사람허고 헨에 이제 서로 뭐허게 되고.,76,11.54
216.wav,또 둘째아덜도 이제 서울서 이제 만난에 이제 그 양녕대군 후예.,35,5.34
217.wav,"에, 만나서 이제 결혼헤엿고.",16,2.73
218.wav,이 족은아덜은 또 여기서 결혼허고. 또 작은딸은 것도 연예헨에.,35,5.35
219.wav,"저 어디 직장에 다니단에 저 뭣고, 그 서울 군인이 하필 제주에 그 짝이 아마 짝을 ᄎᆞᆽ아서 온 게 같애. 그걸 보면.",67,9.82
220.wav,인연 ᄎᆞᆽ안. 여기 완에 그 근무허단에 서로 만난 결혼헨 가불고.,37,5.99
221.wav,"그렇다고 보면, 마 그런대로 놈보단 빨리 처리헨.",27,4.28
222.wav,"예, 게난 여기 족은아들이 젤 효잔게예? 옆에서 사는 아들이.",34,5.15
223.wav,"어, 옆에 살고, 지금 큰아들도 내려완에.",23,3.17
224.wav,이제 셋아들은 뭐 저 지금 안양 살암주마는.,24,2.88
225.wav,여기 제주도에는 이제 큰아들하고 족은아들 사는 거구나예?,31,3.59
226.wav,그 다음 며느리하고 사위에 대헹은에 뭐 ᄀᆞᆯ 말 잇으믄 ᄀᆞᆯ아줍서?,39,4.21
227.wav,"며느리허고 사위는 글쎄, 뭐.",16,2.11
228.wav,예. 게니까 육지 사위덜 헤부니까?,19,3.16
229.wav,육지 사위덜 헤도 ᄎᆞᆷ 잘 헤여.,19,2.95
230.wav,"아, 뭐, 왕 뜯어가지 아녀고, 쫌 저 영 무시거 가끔 보내주곡 허민 그게 제일 좋은 거주.",51,6.14
231.wav,자꾸 옷이라도 ᄒᆞᆫ 불썩 일 년에 ᄒᆞᆫ 번씩 보내주면 경 말렌 헤도.,40,4.84
232.wav,그거 말앙 더 자식 자랑헐 건 엇수가?,21,2.72
233.wav,"글쎄, 자식 자랑은 뭐 큰아, 이제 아이덜이 별로 이제 부모덜 힘 들 이지 안 허연 이제 학교덜 마치고, 뭐 장학생으로덜.",68,10.48
234.wav,"헌 거주. 게난 이제 내중에 결혼까지덜 헨 사니깐, 뭐 큰아덜쯤은 인 칙에도 말헷주마는 마 예술 계통에서 뭐 제주도에선 에 마 손꼽으민 손꼽을 만헌.",83,15.55
235.wav,"그 뭣엔 연기로 헤서, 연기.",16,1.87
236.wav,경허난 지금은 ᄎᆞᆷ 그 몸이 안 좋아서 이젠 놀고 잇지마는.,34,4.68
237.wav,오십 대 후반이 뒈불고 허니까.,17,1.93
238.wav,이제 전국연극제에서 개인 대상은 제주도에서 처음 일차.,30,4.67
239.wav,또 가이가 가리켜서 다시 또 ᄒᆞᆫ 사름이 개인 대상 받앗어.,34,4.7
240.wav,가이가 가리켠에 개인 대상 받으난 이제 제주도 안네 두 사름벳기 없어. 연기 개인 대상.,49,7.29
241.wav,최불암네 이런 분덜이 전부 완에 육지서 심사헨에.,27,3.76
242.wav,제주도 온 지는 얼마 뒌마씨?,16,1.87
243.wav,ᄒᆞᆫ 십오 년 뒘실 거라. 이제.,19,2.26
244.wav,"경허난 그 최불암 씨 그분덜이 제주도 연극 보고 깜작 놀란 여기까 지 갓냐고, 아주 감탄허더라고.",54,7.85
245.wav,"성우, 성우도 허엿고, 아나운서도 허엿고, 가이가.",28,3.73
246.wav,"연극 헤엿고, 뭐 그런 정도. 지금 여기 테레비에 나와 가민 그 거기 서 서울 잇인 때에 저 나신디 선생님 선생님 허던 아이우다. 저.",75,12.46
247.wav,지금 큰아들은 미대 다념실 거라. 제주대학.,24,2.82
248.wav,예. 삼춘 밧일도 하영 헷지양?,17,2.97
249.wav,"아이고, 밧일도 허고 커올 때 고학허젠 허난에.",26,3.68
250.wav,세탁소에 간 양복점에 처음 간 이제 경허난 양복점에 잇어나난에 이 젠 옷 꿰어 입는 건 그냥 미싱 ᄒᆞ나 놓민 그냥.,65,10.46
251.wav,뭐 걸리질 안허여. 그자 ᄒᆞ나 또 멘들앙 입는 것도 뭐 거세기허곡. 세탁소로.,44,6.31
252.wav,"벡훼 알 사름, 이 사름도 몰를 걸.",20,3.07
253.wav,예. 무사 옛날이야게 다 벡훼로 헤근엥에 벽 바르지 아녀수과?,34,5.41
254.wav,이 집을 벡훼레 전부 저 안 도빌 헷어.,22,3.68
255.wav,"저, 이 밖에 또 이런 축 우에덜은 전부 그 하얀 걸로 헷는데 이제 그것도 만들엇고.",47,6.76
256.wav,그자 그거 저거 허면서 또 벽돌도 많이.,22,3.02
257.wav,"만들긴 ᄄᆞᆫ 사름 거 육지 분들이 완에 만들고, 그 굽는디.",34,4.6
258.wav,경허단 그냥 여기 밀감허기 시작허니깐 여기 완에 이제 밀감에.,34,5.57
259.wav,게도 할머니네 할아버지네 농사짓젠 허민 도웁긴 헤실 거 아니라양?,36,4.4
260.wav,"예, 게믄 보리농사부터 ᄒᆞᆫ번 저기, 아, 보리농사 전에예 밧일 허면은 어떤 일들이 잇어신고예? 예전에는.",60,10.32
261.wav,예전에는 밧 허면은 이제 노는 밧은 봄에 갈고.,26,3.44
262.wav,갈앗다가 이제 이 즉 말허면 풀이 성헌 거 그거 그냥 덮으면은 거름이 뒈니까.,43,7.59
263.wav,"이제, 이제 갈아, 갈아 놧당 번험이라고 헌 건디.",28,6.32
264.wav,이제 경허멍 그거 저거 보리허곡 조허곡 콩허곡 이 대개 그.,33,6.26
265.wav,예. 경 허영 이 저 가는 거라예. 게믄 보리 ᄒᆞᆫ번 갈아보쿠다예?,38,5.46
266.wav,보리농사 짓젠 허면 뭘 준비헤신고예?,20,2.66
267.wav,보리농사를 허젠 허면 걸름을 준비해살 거.,23,3.24
268.wav,게난 내가 조꼼 그 곡식을 잘 헤먹젠 허면 보릴 걸름을 놔야 뒈곡.,37,6.33
269.wav,놔야고. 이제 그걸 거름이 부족허면은 이제 밧이 멧 개 이시민 돌려 가멍 놔야 뒈고. 집에는 돼지 키우곡 소 키우곡 헤야 되니까.,72,11.83
270.wav,게영 처음에는 처음 살림헐 때는 소 돼지도 힘드니까.,29,4.33
271.wav,"그때는. 지금은 요즘 그렇게 산덴 허민 어멍, 어머니 아버지신디 그 냥 뭐 사줍서 뭐 사줍서 허주마는 그때는 그게 경 통허들 아녓으니까.",76,12.16
272.wav,그렇주마씨. 그 게난 그런 걸름 준비를 헤야될 거 아니라예.,33,4.99
273.wav,그 걸름은 어떤 식으로 마련헨마씨?,19,2.16
274.wav,이제 외양간에선 쉐가 만들고.,16,3.33
275.wav,그거 봄나민 내영근엥에 이제 마당에 쌓아두면은 거기서 터가지고.,35,4.66
276.wav,이제 후숙이라고 헐까. 이제 그렇게 뒈면은 이제 소거름허고 돼지거 름하고 징징이 이렇게 놔서 이제 이렇게 허면은 내중에 이제 걸 뿌수민 다 저 혼합 믹서가 뒐 거니까.,93,14.79
277.wav,바당에 강은에 뭐 듬북 ᄀᆞ튼 거?,19,3.41
278.wav,듬북 놓구젠 허민 헤변 사름한티 밧을 빌리는 거라.,28,4.45
279.wav,게난 즉 말허민 염분 보충인데 그게. 지금 와서 셍각허면은. 옛날은 그 염분은 염분인디 뭐인지 그걸 모르니까.,61,11.42
280.wav,소곰. 소곰만 그때 소곰 살 돈도 없기야 없지마는 소곰만 뿌려도 뒈 긴 뒈는 건디.,46,7.24
281.wav,이제 그걸 이제 학술상으로 어떻게 이건 이거고 저건 저거고 그때 그분덜이 걸 일러주지 안허니까.,53,8.35
282.wav,이건 듬북 놔야 잘 뒈는 거.,16,2.89
283.wav,"으, 그 보리는 언제 누가 어떵 가는 거마씨? 보리는 언제 그 가는 과정을 ᄀᆞᆯ아줘 봅서.",51,7.05
284.wav,예. 게난 그 밧 갈앙 뭐 씨 뿌리기부터 헹예 보리부터 ᄒᆞᆫ번 갈아봅 서?,42,6.23
285.wav,"아, 보릴 조크르나 콩그르에.",16,2.83
286.wav,걸 이름이 끄슬퀴허니깐 저 섬피엔도 ᄀᆞᆮ고.,25,5.42
287.wav,"이제 그 푸지게, 푸지게엔도 허곡.",19,2.68
288.wav,그 ᄒᆞ나 가지고 이름이 뭐 세 가지.,21,2.35
289.wav,"예, 예. 이 동네에서는 주로 뭐렌 ᄀᆞᆯ앗수가? 그런?",31,4.24
290.wav,게영 끗으면은 씨가 ᄆᆞᆫ 흑허고 버무려지니까.,26,3.78
291.wav,이제 새싹 나고 허면서 이제 커서.,19,2.52
292.wav,"으, 이제 익으면은 그거 ᄎᆞᆷ 비여놩.",22,3.61
293.wav,음. 그때 태작은 뭘로 헤신고예?,18,2.71
294.wav,저 가상 터는 거옌 허는 게 잇엇낫어. 틈틈이.,26,3.12
295.wav,무꺼가지고 돌에 그냥 매여치는 거.,19,2.54
296.wav,도께질허는 게 잇고. 다시 홀테.,18,2.57
297.wav,홀테 헤서 이제 그 보리 홀탕근엥에 메탁기 왕 이제 그거 털고.,35,5.71
298.wav,"음, 여기도 가상 턴덴 말을 헷수가?",20,3.16
299.wav,"아, 여기서도 가상 턴다는 말도 헷어예? 그 보리씨 뿌릴 땐 어떵 헷수과?",41,5.48
300.wav,"보리씨 뿌릴 땐 사람 힘으로 헤영 그냥 쭉쭉 던지민 그냥, 힘 잇게 던지면 이제 골고로 가는 거고.",55,9.17
301.wav,"아, 게민 삼춘네는 거름에 보리씨를 서껑은 안 헤봔마씨?",31,3.97
302.wav,에 여긴 이 농촌지도소에서 이제 그 수확량을 따줄 때에.,31,4.97
303.wav,더 수확이 많게 어떻게 허느냐고 이제 나가 그때는 그 지도사 활동 도 많이 헷으니까.,47,6.7
304.wav,이제 허니까 삼양 관내보단 더 나겔 어떵 헐 말이우꽈? 우린 원 더 나게 헐 재준 엇수다.,50,7.5
305.wav,이제 땅덜이 좋아. 겨고 여기도 이 도련도 동쪽 땅허고 서쪽 땅허고 틀려.,41,6.34
306.wav,같은 분량을 놓면은 무게가 틀려.,18,2.86
307.wav,ᄒᆞᆫ 뒈 갖당 탁 놩 저울이면.,18,3.2
308.wav,이쪽 건 무게가 그것에 요디 거 섯동네 거 떵 그 양을 허민 이쪽이 동쪽에 건 퍼야.,47,8.82
309.wav,"동쪽 게 더 무게가 나가예? 아아, 그럼 여기는 밧을 ᄒᆞᆫ 평을 저기 멧 말지기?",46,6.99
310.wav,땅이 좋앗네예. 벡오십 평이면 정말 땅이 좋은 거네. 그 다음에 보리 종류 어떤 거 이신 거 알아지쿠과?,58,7.95
311.wav,"에, 대개 그거 세 개고. 중간에 떡보리가 들어와낫어. 검은 흑보리.",38,5.89
312.wav,"아, 게믄 상웨, 그 떡도 그걸로 헷수가?",23,2.86
313.wav,"아, 거 떡보리렌 허는데 이제 요즘은 안 하고예.",27,3.58
314.wav,그런 것덜은예? 보리밧 여기도 밟기 헙니까?,24,3.6
315.wav,"보리밧 밟는 디야 그거야 뭐 당연히 그 저, 뭣고? ᄒᆞ는 사람도 잇 고.",41,5.97
316.wav,에 멩심 아년 사름은 그대로 내버리고.,21,4.49
317.wav,이제 산테엔 헹근에 나무 그 통나무에 적당헌 그 뭘 해서 이 발.,36,5.41
318.wav,산테로 헹은에 밟아서예? 여기 뭐 돌테나 낭테 이런 거는 안 하고?,37,6.27
319.wav,"아, 낭테가 그거라예. 그 다음에 보리밧 검질은 멧 번 멥니까?",35,5.39
320.wav,세 번 정도 메사주. 싀 번.,16,2.33
321.wav,검질덜은 어떤 검질덜 나낫수가?,17,2.75
322.wav,여하간 보리를 제외하고는 벨헌 양귀비가 잇어도 건 다 뽑아야 뒈니까.,38,5.51
323.wav,검질 일름들 혹시 알아지는 거?,17,2.29
324.wav,우리 여자 삼춘 알 거 닮아.,16,1.61
325.wav,"에, 아이고, 무슨 웨대우리.",16,2.5
326.wav,"에, 또 요즘 그 저 비단풀엔 허는 거 뭣고, 저 금전초. 거 이름, 검질 이름 모르겟는디.",51,8.29
327.wav,검질 이름. 보리밧듸 허는 거예?,18,2.61
328.wav,대우리도 웨대우리도 잇고 그냥 대우리도 잇수가? 건 어떵?,32,6.07
329.wav,웨대우린 저 우에 올랑 ᄆᆞᆯ 양식 허는 거. 틀려. 그 밑에서 조그만이 올라오는 거.,48,7.55
330.wav,건 웨대우리고. 그냥 일반 대우리는 위로 올라오는 거예?,31,4.62
331.wav,보리허고 똑ᄀᆞ치 그냥 올라오는 거.,20,2.48
332.wav,"그 보리 수확헐 때 보리 그 익으믄예, 익으믄 수확허는 과정까지 한 번 다시 ᄀᆞᆯ아 줍서? 보리 익엉 그 보리 이제 비곡.",69,9.58
333.wav,이젠 이제 어느 정도 이제 ᄆᆞᆯ르민.,21,2.84
334.wav,이제 집엘 오던가 거 밧데서던가 이제 처음에는 홀테로 그걸 홀타 놩 메탁기가 갓는데.,47,8.25
335.wav,이제 그 내중에는 그냥 뭇차 집어놩근엥에 고고리만 그 고고리만 ᄐᆞᆮ 아 아사부런.,46,7.05
336.wav,보리 비젠 허면은 준비헤야 뒐 게 잇지 안허우과?,27,3.56
337.wav,보리 비젠 허면 호미. 주로 호미 엇엉은 안 뒈주. 낫. 표준어로 낫.,39,7.2
338.wav,"예, 게난 그 호미도 그냥 가민 안 뒐 거 아니우과? 밧듸 가젠 허면은 그 준비를 허연.",49,7.55
339.wav,이제 숫돌엔 허주마는 거 신돌.,17,2.75
340.wav,밧듸 아졍가민 그걸로 보리 비곡 조 비곡 콩 꺼끄곡.,29,5.18
341.wav,예. 겅 헤영 허고 무끄젠 허면은 무신 거로 무껏수과? 여기는.,35,5.4
342.wav,"께가 잇어야는데, 건 주로 새.",17,2.86
343.wav,"새로, 이제 그 저 보리 무끌 샐 놔두엇다가.",25,4.48
344.wav,건 놔둿당근에 그걸로 께 데왕.,17,2.95
345.wav,"으음, 그 산디찍으로 께 데우진 안허고마씨?",24,3.92
346.wav,산디찝이 여기 경 많질 아녀난.,17,3.23
347.wav,"아아, 산디찍은. 산디는 하영 안 간 모양이우다, 여긴예?",32,5.99
348.wav,"예, 예. 그건 그 저 제사헤여 먹을 거나 조끔 저 허주.",32,5.29
349.wav,"경 그 많이, 주로 보리덜 많이 헷어.",21,2.8
350.wav,"음, 그러면 삼춘, 아까 이제 새로 께 헷지, 데왕 헷지 아녀우과? 보리 로도 지냥으로도 무끄진 아념니까?",59,8.95
351.wav,그런 께는 무신 께렌 헙니까?,16,1.71
352.wav,붙벡이 헌다고 헨에 아메도 붙께렌 허는 모냥이라.,27,3.97
353.wav,"보리 붙은 그걸로 헤서 여기는 붙께렌 하고예? 알앗수다. 그 다음에 이제 보리도 저기 도리께질, 도께로도 헙니까? 보리도.",68,11.8
354.wav,아 도께로도 허고예. 아 보리쌀은 어떵 장만헤신고예? 옛날예.,34,6.16
355.wav,"옛날은 그 저 돌팡에에서 이제 물 적졍 그 자꾸 굴령, 영 돌려 가면 그게 이 견, 첸 벗어지면 속에 ᄊᆞᆯ만 뽑앗는데.",67,11.38
356.wav,"우리가 크기, 크기 시작허니까 방앗간.",21,3.24
357.wav,방앗간에 아적 가져가민 그냥 기계에서 싹.,23,3.48
358.wav,음. 어렷을 때 게믄 그 돌팡에는 허는 건 봐봣구나예?,30,4.61
359.wav,나도 ᄀᆞ치 강근엥에 그 저 연자방아 돌려사주.,26,4.05
360.wav,여기는 돌팡에렌 허는 거라예. 그 돌팡에 헐 때 무사 사람으로 돌리는 것도 잇주마는 옛날에.,51,7.28
361.wav,ᄆᆞ쉬 엇이면 사름이 엇은 때 ᄆᆞ쉬도 허곡. 편허게 허기 위헤서 이제 ᄆᆞᆯ이나 쉐로도 허곡.,53,8.3
362.wav,음. 그 이 동네도 ᄋᆢ라 군데 잇어실 거라예?,26,3.91
363.wav,"이, 이, 농, 농사에 주로 전력허던 동네라놔서.",27,3.73
364.wav,"음, 그거를 그냥 뭐 ᄆᆞᆯᄀᆞ레니?",20,2.95
365.wav,ᄆᆞᆯᄀᆞ레렌도 허고 돌팡에엔도 허고예?,22,4.01
366.wav,"아아, 그 다음에 이제 보리허면 보리ᄊᆞᆯ로 헤갖고 헤먹는 건 뭐 잇어신고예?",43,6.1
367.wav,보리떡도 헤 먹고 밥 헤 먹고.,17,2.51
368.wav,보리상웨예? 예전에 여기도 밀ᄏᆞ르덜도 갈아신가마씨?,29,5.17
369.wav,갈아낫주마는 그 저 수확이 많지 아녀 놓니까.,25,3.32
370.wav,지금ᄀᆞ치 비료가 잇엉근엥에 잘 헤주면 것도 뭐허주마는 비료가 어렵고.,39,5.76
371.wav,"비료 나온 지가 오래질 아녓어. 여기 우리 ᄆᆞ음대로 쓰기 시작헌 디가. 에, 우리 어린 때엔 비료 ᄒᆞᆫ 포만 구헤지민 그게 그냥 어디 강은에 금싸라기 구 헤진 거만이.",95,14.58
372.wav,체는 그거 푸는체질을 허던가 아니면 체질을 허던가 허영 그 체가 나오멘 그건 주로 도새기 양석.,53,8.9
373.wav,"쉐도 먹고예? 그, 그것도 굵은체가 잇일 거고. 예, 그 다음 ᄀᆞ르가 잇일 거 아니우과?",50,6.71
374.wav,"ᄀᆞ레에, ᄀᆞ레에 그 맷돌에 ᄀᆞᆫ 때에, 이 ᄀᆞ레에 ᄀᆞᆫ 때에 그게 이 저 ᄌᆞᆷ진 거 훍은 게 나오주. 그건 주로 그건 사름덜이 먹고.",80,11.73
375.wav,거기서 헌 건 짐승덜 키우고.,16,2.84
376.wav,"음, 그렇게 나온 ᄀᆞ를은 뭐렌 ᄀᆞᆯ아마씨?",25,3.1
377.wav,체엔 말고도 또 허지 아념니까? 쉐 멕일 때 촐에도 버무령 주고.,36,5.47
378.wav,"게메, 아 그땐 체 버무령 주멘.",18,2.83
379.wav,체 버무령. 혹시 등게ᄀᆞ르 이런 말은 안 헙디가?,28,4.53
380.wav,등게에 뭐여 그건 저 여기서 별로 ᄀᆞᆮ진 아녓어.,28,3.84
381.wav,가끔 ᄀᆞᆮ는 사름도 잇긴 잇엇주마는.,21,2.43
382.wav,그건 그냥 체 버무령 주민 좋아.,18,2.21
383.wav,"체 버무령 주믄 좋아예. 예. 보리 농사허멍 잊어불지 못허는 경험, 기억 같은 거 엇수가? 뭐 고셍을 헷든 아니면 재미잇엇든 보리밧듸 강 연도 날려 봣 을 거고.",90,14.49
384.wav,거 오니 다스께. 거 일본말이라.,18,3.74
385.wav,그거 밧듸 강 허면 아이덜은 선생 그거 헐 때엔 선생 밧듸 가지민 안 헤불어.,43,6.59
386.wav,게민 여기선 주로 ᄒᆞᆯ 때에 연 종이덜을 사당 줘.,29,3.49
387.wav,"아이덜신디 주멘 그, 그 밧듸 강 연 띄우렌 허영.",28,4.79
388.wav,경 헤야주. 경 안 허민. 그.,17,2.64
389.wav,그 보리 ᄀᆞ시락도 쓸모가 크지 아녓수가? 보리낭도 쓸모가 하실 거고.,39,5.69
390.wav,"보리낭은, 보리낭은 퇴비 만들고.",18,2.8
391.wav,이제 흑질헐 때에 주로 쓰고.,16,2.29
392.wav,ᄀᆞ시락은 아궁이에 놩근엥에 굴묵 짇고.,22,4.5
393.wav,"이제 굴묵 짇으민, 굴묵 짇엉근엥에 도 쉐똥 헤당 탁 막아주민 그냥 ᄒᆞᆫ 이틀 끄떡엇이 뭐허곡. 알아져?",59,11.06
394.wav,"아, 흑과 흑이 연결이 좋고, 이제 그게 그 어쨋든 그 흑 힘이.",36,7.02
395.wav,그걸로 저 쉽게 말허면 세멘트 헐 때 철근 놓는 거나 마찬가지.,35,5.18
396.wav,그런 식으로 꼭 수세를 놩은에. 이 그신새도 수세로 놔낫수가?,34,5.1
397.wav,아니. 그신샌 지들케벳기 아녓어.,18,3.97
398.wav,지들케론 지들커허고예? 여기도 이제.,20,3.41
399.wav,이 두터우면 그건 걷어내여 뒁근엥에 이제.,23,3.97
400.wav,지들커허고 그 우론 새로 더프고.,18,3.16
401.wav,알앗수다. 여기 조 하영 헷덴 허난 조도 ᄇᆞᆯ려봅주예.,31,5.25
402.wav,조 ᄇᆞᆯ리는 디서 그 ᄆᆞᆯ 모는 소리 쉐 모는 소리 그걸 못허여.,38,5.41
403.wav,게난 경허민 하르버님 이실 때예 소리허멍 몰라. 허여도. 난 그건 아녀봣어.,42,7.66
404.wav,노래는 잘 못 불럼구나양? 다른 노래는 잘 불를 거 닮은디. 연예인 아들 연기허는 아들 아까. 연기렌 헨 게마는 이름도.,67,11.02
405.wav,"거기도 역시 준비는 ᄎᆞᆷ, 거 저 그 보리에 대개 거름 놧주. 조 이 여 름 농사엔 거름덜을 잘 안 놔.",59,9.38
406.wav,"거름덜을 잘 안 놓고, 내중에 나온 후에 비료나.",27,3.87
407.wav,그냥 씨를 뿌령은에 허는 거라마씨?,19,2.02
408.wav,씨 뿌령 이제 그 끄슬퀴로 끗엉.,18,2.65
409.wav,그 다음에 ᄇᆞᆯ리잖아예? 그 ᄇᆞᆯ릴 때는 어떤 식으로 ᄇᆞᆯ립니까?,39,3.97
410.wav,ᄇᆞᆯ릴 땐게 쉐나 ᄆᆞᆯ이나 허영 어려려허멍. 쉐 ᄆᆞᆯ 몰멍 그냥 ᄇᆞᆯ리는 거주.,48,7.41
411.wav,"아, 그 테, 테 허는 사름은 텔 빌엉 ᄇᆞᆯ리고.",28,4.07
412.wav,테엔 허민 ᄆᆞᆯ 수정 많은 이.,18,2.75
413.wav,"잇는 사람. 그 사름을 빌엉근엥에 ᄇᆞᆯ리곡, 경 아녀민 그 그냥 밧갈쉐 집의서 허는 거옌 그자 영.",56,10.68
414.wav,거기에 이제 끄실퀴 헤갖고 이제 ᄀᆞ치 허는구나예? 게민 아까 조 여기는 조팟이렌 헙니까? 조왓이렌 헙니까? 조밧이렌 헙니까?,70,10.21
415.wav,그건 조팟이옌 허곡 왓이옌도 허곡 왓이 밧이난에 건 두 가지.,34,5.82
416.wav,조왓이렌 허여마씨? 조왓은 아녀고 잘 조팟.,24,4.66
417.wav,"예, 조팟이 대부분 많은 거라예. 조팟 거름은 이제 안 하고. 거는 보 리 거름, 보릿그르에 허는 거우과? 조팟은?",64,9.75
418.wav,"아, 보릿그르예 허는 거예? 게믄 언제 가는 거우과? 조는?",33,5.47
419.wav,"조는 봄에. 아, 저 칠월, 칠월 일일을 기헤영근엥에 전 삼 후 삼 허는 거.",43,8.8
420.wav,"아, 칠월 일일. 게민 그때 칠월 일일은 음력이우과? 양력이우과?",36,5.09
421.wav,양력예? 옛날 유월절 그건가?,16,3.23
422.wav,견디 난 뭐허니까 이제 그걸 허는데 그 저 유월절 전 삼 후 삼 헹근에 헌덴 헌디 칠월 ᄒᆞᆫ 사오일 뒈는디.,61,10.66
423.wav,이제 칠월 일일을 기허민 쪼꼼 옛날보단 ᄒᆞᆫ 메칠 빨른 거지.,35,4.78
424.wav,옛날은 유월절 전 삼 후 삼 허잖아예?,21,3.05
425.wav,또 모밀은 칠월절 전 삼 후 삼 허곡.,21,2.88
426.wav,전 삼 후 삼. 게난 옛날은 절기에 따라서 농사들을 이제 지은 거라 예?,40,6.11
427.wav,"견디 옛날은 절기에 따랑근에 헷는데, 그것을 양력으로 기준헤서 절 기가 나온 걸 몰르니까, 아무도.",55,8.7
428.wav,음. 그렇지. 절기는 양력 기준으로 헷지예?,24,3.78
429.wav,"양력 기준이니까. 이 핼 기준 헌 거기 때문에. 음력은 달을 기준헌 거니까 들엇다 낫다 허는 거고. 에, 나가 이 낫ᄉᆞᆯ 든 후제도 걸 막 홍보헷주.",84,13.26
430.wav,"으, 양, 절기는 양력이 박아논 날이난 그 양력을 셍각해야 헙니다 허영.",40,6.97
431.wav,예. 겐디 뭐 옛날 어른들이야 음력 기준헤영 허니까예. 그 좁씨는 어 떵 준비허고 어떵 뿌렷수가?,54,9.49
432.wav,"좁씨는 아무 때도, 보리씨도 보리 좋은 보리로 헹 얼마 소요량을 준 비헤둿당 허는 거고, 좁씨도 고고리 좋은 놈으로.",65,10.21
433.wav,자기가 쓸 만큼 그 양을 준비해 놧당 뿌리는 거.,27,3.18
434.wav,그 좁씨 뿌릴 땐 어떤 식으로 뿌려마씨?,22,2.62
435.wav,좁씨 뿌리는 것도 보리씨 뿌리는 것하고 똑같이.,26,3.69
436.wav,그자 ᄒᆞᆫ 줌 줴영 그 힘내영 그냥 훈들르 가면 골로로 가는 거.,37,4.75
437.wav,게도 옛날에 이 씨 잘 뿌리는 사람들이 잇어예?,26,3.08
438.wav,"어, 잘 뿌리는 사름은 잇긴 잇주. ᄎᆞᆷ.",24,3.45
439.wav,삼춘네는 갈 때 누게가 조씨 삐엿수가?,21,2.47
440.wav,"뭐 이녁 거 이녁 냥으로덜 허주, 무신 놉 빌엉덜 경 아녀.",33,6.01
441.wav,"삼춘이, 여자삼춘이 헙니까, 아니면 삼춘이 삐어수가?",29,4.67
442.wav,그렇게 하기도 하고 그 다음에 테우리들 빌령도 허고.,29,3.57
443.wav,"허고, 남테로 허는 사름도 잇고.",18,2.42
444.wav,"예, 남테로도 허는 사름도 잇고. 혹 여기 돌테도 써봅디가?",33,5.68
445.wav,"아, 돌텐 안 허고예? 그, 남테 아까 산테 말고 남텐 모양은 어떤 식으로 만들어젼마씨?",49,7.83
446.wav,"남텐, 어느 정도이 적당한 규격 헤놩 거기에 뿔덜 막 박아놩.",34,6.3
447.wav,"음, 거는 쉐가 끗이는 거마씨?",17,3.04
448.wav,"쉐나 ᄆᆞᆯ이나. 뒤에 이제, 그 아까 끄실퀴는 사람이 허고.",34,4.74
449.wav,"밧 가는 그 끗게, 끗데 그냥 매달앙근에.",23,4.03
450.wav,"아, 그렇게 헤서 이제 하고예?",17,1.53
451.wav,"저, 아이고, 그거 쉐, 쉐멍에, 쉐멍에줄, 쉐멍에 멍엔 이거고.",36,7.4
452.wav,"아, 한줄 끗겡이에 이제 테를 무끄는 거라예?",25,2.96
453.wav,"아아, 그 다음에 그 조컴질 메는 게 우터잖아예?",27,3.31
454.wav,조컴질도 그냥 ᄎᆞᆷ 이디 ᄉᆞᆯ 나민 그냥 여기 다.,30,4.56
455.wav,보리검질도 추웡은에 허주마는 조컴질이 더 우털 거 닮아예?,32,3.84
456.wav,더웁고. 게난 조컴질은 멧 불 멥니까?,21,3.68
457.wav,조컴질도 ᄒᆞᆫ 서너 번 서너 번 메야사주.,24,2.83
458.wav,싀불검질 영허잖아예? 게믄 조는 초불검질은 조 소끄는 거우과?,34,6.33
459.wav,소끄는 거예? 그 소깟던 얘기 ᄀᆞᆯ아줍서?,24,3.23
460.wav,조는 그 소끄는 것사게 그 방벌이는 거난.,23,3.36
461.wav,이제 방을 너무 널르민 수확이 덜 날 거곡.,24,3.13
462.wav,"너미 좁으민 도장뒈영은에 안 좋을 거고 허난. 적당한 거리를 놩 이제 뽑아, 뽑아버리면은 한걸헹근에게 이거 사람도 영 앚아근엥에 박박허게 앚이면 귀찮차녀.",86,15.35
463.wav,"에, 우 ᄃᆞ투왕. 우 ᄃᆞ투왕 헌디 나가 먼저 크저 나가 ᄆᆞᆫ저 크저 헹근 에 허민 크는 데 힘 다 먹어불엉.",63,9.95
464.wav,겨난 그걸 이 한걸허게 소꽈주면은 이제 그런 뭐가 엇는 거.,33,5.2
465.wav,도장인디 우 ᄃᆞ툰데 헤여. 우 ᄃᆞ툰데.,23,3.32
466.wav,우 ᄃᆞ툰덴. 우 ᄃᆞ툰다. 방 벌리는 거. 방 벌리는. 게난 이렇게 방 벌리는 거 한 번만 더 설명해줍서?,60,9.03
467.wav,"ᄀᆞ만 잇자. 그걸 어떵, 어떤 식으로 설명허나?",27,3.97
468.wav,게난 이제 제대로 클 수 잇게 이런 그 주변을.,26,3.53
469.wav,"주변에 한걸허게, 한걸허게 뽑아주는 거.",22,2.58
470.wav,"그거를 이제 자, 방을 잘 벌려사 뒈는 거예?",25,3.46
471.wav,"으, 방을 잘 벌려사. 벌리. 벌려사 헹.",23,4.2
472.wav,"예, 방 벌여 이렇게 얘기를 허는구나예?",22,3.06
473.wav,소끄는 거랑 같은 걸로 봐도 뒈마씨?,20,2.24
474.wav,소꽈서 얘가 잘 자라게 해주는 거. 주변 정리를 해주는 거주게이. 그렇게 해서 뒈면은 조도 이제 수확을 헤얄 거 아니우과?,68,9.96
475.wav,가을에 이제 조가 익으면 가을에 비어놓고.,23,3.02
476.wav,"말리고 이제 고고리, 고고릴 톧아.",19,3.05
477.wav,걸 전부. 이제 호미 헤서 이제 고고리 ᄐᆞᆮ아놓민 그거 메탁기에서 허던가 도께로 치던가.,50,8
478.wav,"으음, 도께로 치던가예? 그 고고리, 고고리 ᄐᆞᆮ을 때 웨 우리가 빌 때 는 이런 앞으로 비지마는 이건 꺼꾸로 호미로?",67,10.62
479.wav,ᄁᆯᆞ아 앚앙은에 영 밀려야.,16,2.05
480.wav,밀리멍 허는 거예? 그게 ᄄᆞ나고예. 그 덩드렁마께 헤영은에 이렇게 헤보진 아녑디가?,47,6.6
481.wav,이제 족앙근엥에 그 간단히 그 족은 걸 헐 때에 그거 허는 거주.,36,4.44
482.wav,ᄀᆞ렛방석 ᄁᆯᆞ앙근에 영 영 아.,19,3.11
483.wav,그건 거 저 그저 조코고리 테작헐 때 보통 도께 써야.,30,4.42
484.wav,"도께 썽예, 예. 그 다음에 삼춘 그 조 여기는 안 나왓수다마는 조 종류도 ᄋᆢ라 개 아니우꽈예? 좁썰 멘드는 종류.",65,10.32
485.wav,"주로 모인조, 흐린조 허민 개발시리, 개발시리.",26,3.74
486.wav,개발시리예? 꼭 개 모양으로 이렇게 셍겻덴 허멍예?,28,4.23
487.wav,그거 그거 검수룽헌 게 그 저 흐린조주.,22,3.41
488.wav,노랑 거. 음 거 두 가지. 옛날에는 막 저기 조도 종류 하낫덴 헙디다.,40,6.75
489.wav,"음, 뭐 강돌와리 이런 말은 안 들어봣수가?",24,3.46
490.wav,들어나긴 헷어. 겐디 난 보든 못헤연.,21,3.44
491.wav,보든 못허고. 게난 삼춘 본 거는 흐린조허고 이제 모인존데 그 흐린조 중에도 이제 개발시리를 이제 하영 헷다라는 거지예?,67,10.99
492.wav,"예, 그 다음에 이제 그 태작 해놓면 좁쌀을 멘들아얄 거 아니우과? 거는 어떤 식으로 멘들아마씨?",54,8.05
493.wav,ᄊᆞᆯ은 일단 태작허여 놩 불림질 허면.,22,2.74
494.wav,불림질 허면 이제 그 체허고 이제 ᄊᆞᆯ허고 이제 알멩이허고 이젠 분 리가 뒈니까.,46,6.75
495.wav,그 조를 이젠 가졍 방엣간에 가야 헐 거.,23,3.4
496.wav,건 주로. 방엣간에 강 그자 져.,18,2.9
497.wav,"아, 건 또 도새기 먹고. 게난 옛날은 버리는 게 엇어예?",32,4.55
498.wav,버리는 게 엇어. 겐 그 좁쌀로는 주로 뭐 헤신고예?,29,4.53
499.wav,또 팔곡. 팔아서 뭐 사고 싶은 거 사고.,23,2.98
500.wav,음. 좁썰로 헌 떡은 어떤 떡 잇어신고예?,23,3.49
501.wav,뭐 거 것이 ᄀᆞᆮ젠 허난 셍각 안 남쩌. ᄒᆞᆫ 멧 가지가 잇일 건디.,40,5.69
502.wav,"예, 것도 나중에 여자삼춘한테 또 물어보쿠다. 그 좁썰 허영 엿도 허고.",40,6.63
503.wav,"음, 집에서도 우리 여자삼춘도 술 헤낫수가?",24,3.89
504.wav,"무슨 술? 엿도, 엿 허당은에.",17,3.27
505.wav,감주를 하영 올렷지예? 제주로예. 아아.,22,3.45
506.wav,감주가 제대로 이제 제사 때나 명절 때 헷는데 지금은 와서 그 문화가 없어져부럿주.,46,6.94
507.wav,요즘은 감주허는 법이 엇어예?,16,1.72
508.wav,아주 명심하는 집은 지금도 감주 허여.,21,2.81
509.wav,"아아, 감주 허는 집도 잇구나.",17,2.22
510.wav,지금도 허여. 즉 말허면 그게 그 엿 되기 전의.,27,4.68
511.wav,"음, 맞습니다. 삼춘, 그 보릿낭은 걸름허곡.",25,5.03
512.wav,우마가 먹는 거라예? 그거는 뭐렌 헙니까? 조찍?,27,4.74
513.wav,조칩. 조칩이렌 허는구나. 여기서예? 조칩으로 하고. 조 ᄇᆞᆯ리멍 잊어불지 못허는 추억ᄀᆞ튼 거 잇수가?,59,10.48
514.wav,멧 저 멧 무끔을 ᄒᆞᆫ 바리 허는 건 알아지쿠과?,28,4.08
515.wav,무끔 ᄒᆞ나 둘 헤영 숫자가 서른 개민 ᄒᆞᆫ 바리.,29,3.62
516.wav,견디 이 저 고고리 이실 땐 그런 말 안 ᄀᆞᆮ고.,28,3.53
517.wav,"음, 찍으로 헐 때는. 게민 여기는 그 조찍 그 조 무끄는 게 뭇이 별로 안 큰가보다양?",49,9.06
518.wav,크지 안하고. 어떤 디는 조 이만큼씩 무끈덴도 헨게마는.,31,4.83
519.wav,"거 그냥 집의 왕 고고리 짤르젠 헐 때에, 고고리 ᄐᆞᆮ젠 헐 때에.",38,4.73
520.wav,집의 가져 올 땐 이젠 크게 무껑 ᄒᆞᆫ 쪽에 질메 ᄒᆞᆫ 쪽에 싀 개썩 헤영 ᄋᆢ섯 무끔.,51,7.8
521.wav,게믄 그땐 ᄋᆢ섯 개가 ᄒᆞᆫ 바리가. 조찍은 서른 개가 ᄒᆞᆫ 바리고.,40,5.67
522.wav,촐은 마흔 뭇. 보리도 시껑 뎅겻수가? 그치룩.,26,4.27
523.wav,보리도 멧 바리 멧 바리 헹근엥게 거기서 무끄민.,27,3.54
524.wav,"아, 서른 뭇을 ᄒᆞᆫ 바리로 치는데 촐은 마흔 뭇예?",30,4.82
525.wav,마흔 뭇. 여기도 이 저 뭐 낫으로 빈 거?,24,4.04
526.wav,장낫으로 헷느냐 호미로 헷느냐 그게 ᄄᆞ나구나예? 영 헹 이제 조 농 사는 허고. 콩도 하영 갈읍디가?,57,9.66
527.wav,콩 하영 안 갈앙 집의 장에 먹을 거.,21,3.09
528.wav,"아, 여기는 하영 안 가는구나예, 콩은예. 콩 농사 허젠 허믄 어떤 식 으로 준비헷어마씨?",50,7.16
529.wav,"콩 농사 허젠 허면 그게 그, 저 보릿그르에 가는 수도 잇고.",34,5.2
530.wav,이제 겨울 놀렷다가 봄 콩 허는 수도 잇고.,24,3.27
531.wav,이제 그러는디 그 우리가 그 밧 ᄒᆞ나 ᄒᆞ게 뒈민 ᄒᆞᆫ ᄒᆞ나도 허곡 엇 인 사름은 반착도 헹근엥에 가는디 그건 이파리가 떨어져서 거름이 뒈니까.,83,13.46
532.wav,겨고 건다는 것만 그 셍각헐 게 아니라 지금 와서 셍각해 보니까 이 그 박테리아가 이 질소질을 많이 그 형성헤 줘가지고.,67,9.82
533.wav,이 아주 콩 농사만큼은 자주허면은 이 밧이 걸어.,27,4.52
534.wav,"예, 예, 예. 게난 그런 식으로 이제 그냥 장 담을 걸로만 헌 거라예?",40,5.42
535.wav,"장 담곡게, 것도 쫌 잇어야 강 ᄑᆞᆷ도 허곡 허주게.",30,4.53
536.wav,ᄑᆞᆯ앙근엥에 이 옷도 사 입곡. 무신 거 살림살이도 허곡.,33,4.7
537.wav,그 콩은 아까 이제 두 번 갈아마씨? 콩은 언제 갈아?,30,3.75
538.wav,그때 허면 수확은 가을에 허는 거난예?,21,2.45
539.wav,게믄 역시 콩밧은 거름 아녀켜예?,18,2.68
540.wav,거름 안 허고예? 이것도 이제 그 보리 갈아난 그 그르에 갈 거니까. 게문 콩씨는 어떵 뿌립니까?,54,8.39
541.wav,여기는 뿌린덴 아녕 콩씨 삔덴 허지예?,21,3.05
542.wav,여름에는 더 하쿠다예? 검질이.,17,2
543.wav,아니 ᄒᆞᆫ 두어 번 메믄 끗나고. 우에서 덮어지니까.,30,4.32
544.wav,"아아, 콩밧은 여름인디도예. 음, 게믄 두불 메믄 뒈는 거고. 어떤 검질, 콩 검질론 어떤 거라는 거 기억 남수가? 여름 검질들은?",73,13.11
545.wav,"아아, 제완지예? 제완지도 종류가 ᄋᆢ라 개렌 헙디다.",30,4.68
546.wav,"바렝이, 예. 쒜비늠 ᄀᆞ튼 거 안 낫수가?",24,5.62
547.wav,"것도 여름 검질예? ᄎᆞᆷ비눔, 쒜비눔 어, 그런 건 나고. 제완지 검질이 메영 놔둬도 막 부터불고예?",57,9.74
548.wav,그게 부터붐도 잘허곡. 저 이 쒜비름도 그거 상당히 죽이기 힘든 거.,38,5.9
549.wav,지금은 와서 그걸 그 효소 만들민 상당히.,23,3.72
550.wav,"맞아, 비름, ᄎᆞᆷ비늠 이런 것도 비름나물허영 육진 먹음니께, 우린 안 먹어도.",45,7.07
551.wav,무사 ᄎᆞᆷ비름은 그거 설사도 터지곡 허여.,24,3.26
552.wav,"으, 변비허는 사름 먹으민 좋아, 옛날도 먹어낫어.",28,4.37
553.wav,ᄎᆞᆷ비름 먹어. 쒜비름은 안 먹고. 쒜비름도 경 좋은 걸.,33,5.13
554.wav,경허곡 또 그 뭣고? 그 금전초?,18,4.09
555.wav,비단풀예? 이렇게 영 셍경 쪼꼴락 쪼꼴락헌 거?,26,3.92
556.wav,그것도 그 우린 귀차년 건디 얼마나 좋아. 이 담석증 ᄀᆞ튼 거 ᄆᆞᆫ 녹 여버리니까. 아니라?,53,9.03
557.wav,"예. 근데 비단풀이 옛날에는 마당에 이런 데들도 막 하영 잇어낫어, 저기.",41,6.65
558.wav,흑 마당덜 이런 디덜. 잘 보지도 못허는 거 닮아.,28,3.88
559.wav,아직도 많아마씨? 콩은 수확헐 때 콩은 뭐렌 헙니까? 꺼끈덴 허는가 마씨?,41,6.7
560.wav,게난 보리나예 조는 빈덴 ᄀᆞᆮ지 아념니까예? 건디 무사 유독 콩은 꺼끈덴 허는고예?,47,7.87
561.wav,비는 거허고 거끄는 건 차이가 잇으난.,21,2.52
562.wav,어떵 ᄐᆞ난 거우과? 어떤 차이?,18,2.38
563.wav,보리나 존 끊어지는디 이건 꺼꺼져.,19,3.08
564.wav,그래서 꺼끈덴 ᄀᆞᆯ앗구나게. 게난 콩은 꺼끄고. 꺼끈 다음에 거는 태작 허젠 허면.,47,7.24
565.wav,메탁기로나. 옛날에 도께로 콩 하영.,20,3.49
566.wav,도께로 허는 건 뭐 허염쩬 헙니까?,19,2.47
567.wav,콩 태작? 다 태작이라예? 콩으로는 뭐 헙니까?,26,4.73
568.wav,콩으론 메주허곡 국 끌령 먹고.,17,2.9
569.wav,그 다음 뭐 뭐냐 그 저 강 돈 강 받아오고.,25,4.28
570.wav,"예, 결혼헐 때 둠비 허지 아념니까?",20,3.23
571.wav,그 콩도 종류가 ᄋᆢ라 가지우과?,18,1.87
572.wav,콩 종류가 상당이 많은데 그건 나도 몰르커라.,25,3.47
573.wav,"뭐, 뭐 청태니 뭐니 청태 뭐 은대두 뭐. 아이고, 나도 이젠 ᄆᆞᆫ딱 잊어부럿네.",46,8.02
574.wav,"콩으로, 콩나물도 헹 먹엇지예?",17,2.22
575.wav,여기는 콩나물이렌 안 허영 뭐렌 헤낫수가? 옛날에.,28,3.51
576.wav,콩주름. 게 주름 놓는 콩허고 장 멘드는 콩허고 ᄄᆞ나지 아녑니까?,37,6.22
577.wav,지금이야 ᄄᆞ나지 옛날은 그게 그거.,20,3.48
578.wav,"아, 그 장 멘드는 거 장콩이렌은 안헙디가?",24,3.8
579.wav,"아, 그저 지금은 장콩이엔 무사. 장콩이엔 허주마는.",29,5.36
580.wav,"이 저 그건 일단 수확헤다 놩, 놓은 다음에 장 멘들젠 헐 때 장콩이 지 그 전엔 장콩이옌 말을 아녀.",57,9.35
581.wav,"아, 장 멘들 때. 옛날에사 막 굵은 거 아니우과예? 그, 게 여기는 이 제 주름이렌 헷구나예? 콩찝이렌 헙니까? 콩칩이렌 헙니까? 콩 저기 수확헤난 거 저?",88,15.45
582.wav,"왜냐면 이게 빌 거, 꺼끌 거 아니우꽈예? 게믄 그거 테작 끗나면 이 렇게 보통 무껑은에.",50,8.52
583.wav,건 불 때기도 허곡 소 먹이기도 허곡.,21,3.12
584.wav,"아, 삼춘 계속 소렌 헴신디 쉐렌 안 헙니까? 이 동네.",31,4.25
585.wav,"소, 소 헤부난 지금도 소렌 헴서예?",20,2.67
586.wav,질들어부런예. 질들어도 이젠 쉐렌도 ᄒᆞ꼼 ᄀᆞᆯ아줍서.,31,4.75
587.wav,"아, 불 ᄉᆞᆷ곡. 맞수다. 불 ᄉᆞᆷ아야주. 불 때는 게 아니고예, 그거를 콩꼬 질이렌 허여? 콩찝이렌 안하고?",63,10.19
588.wav,"ᄑᆞᆺ은 ᄑᆞᆺ꼬질허고, 무사 콩꼬질엔 헴신고?",26,3.73
589.wav,"몰라. 꼬질이렌 헌 걸 그 글잘 ᄎᆞᆽ아봐시민 뭐가 나올진 모르는데, 지금 제주 그 방언을 ᄎᆞᆽ아보면은?",59,8.75
590.wav,에 한자음으로 뒌 건 별로 없고.,18,2.51
591.wav,"음. 게난 이제 콩꼬질 이렇게 영 꼬투리 있는 것들을 다 꼬질헌 거 닮아예, ᄑᆞᆺ도 그렇게 허고.",55,7.4
592.wav,콩 농사허멍 뭐 얽힌 추억 이런 건 엇고마씨?,25,3.09
593.wav,겨고 삼춘 무사 옛날에 보면 그 조팟디나 이런 디 콩 듬성듬성 영 갈 기도 허지 아념니까예?,51,8.15
594.wav,머드레예? 머르레콩 영 헙니까? 여기도.,22,3.89
595.wav,"머드레옌 ᄀᆞᆮ는디, 그것만 ᄀᆞᆯ렌 허면 안 나와.",29,3.75
596.wav,지금 듬성듬성 놧젠 허니깐 머드레 ᄀᆞᆯ아지는디.,27,3.76
597.wav,"예, 게난 그게 머드레헤고, 대죽도 머드레 허지 아녑니까예?",33,5.47
598.wav,"대죽도 머드레, 꿰도 머드레.",16,2.22
599.wav,"꿰도 머드레헙니까? 게믄 꿰머드레 콩머드레 이렇게 허는데, 돌들도 이렇게 논 것도 여기 머드레 헙니까? 머들이엔 헙니까?",67,10.32
600.wav,거는 돌 헌 건 머들이렌 허고.,17,2.51
601.wav,그 다음에 이제 그 종자 심은 거는 듬성듬성 헌 거는?,30,3.37
602.wav,알앗수다. 경 허영은에 이 왜냐면 별도로 밧이 엇이면 다 머드레 놧 당도 장콩들 헌 거 아니라예?,54,8.27
603.wav,콩ᄀᆞ르도 뭐 하영 먹엇지예? 콩ᄁᆞ르.,22,3.2
604.wav,하영 먹고말고. 옛날 주식이니까덜.,19,3.07
605.wav,뭐. 콩ᄀᆞ르로 뭘 헹 먹엇수가? 여기선.,23,2.89
606.wav,콩국 끌령 먹고 둠비헤영 먹고.,17,2.72
607.wav,콩죽 무사 안 헹 먹어. 옛날은 이제 해산헐 때에.,28,4.2
608.wav,"애기 나뒁 콩죽 쒄 먹엇저. 무신 콩죽 쒕 먹을, 저녁 먹은 후제 콩죽 쑬 만은 헷저.",48,6.99
609.wav,어린 때 시간이 없으니까. 애기 난 그 시간을 그런 식으로 이제 표현 을 헷주. 그건 이제 대개 콩죽을 주로 영.,63,9.5
610.wav,먹는 양석에 콩죽을 하영 먹엇다는 거라예? 밥을 못 먹고 허니까.,36,4.74
611.wav,무사 그 콩죽 영 쒕 오면 그 우에 이렇게 영 뜨는 거 잇지 아녀우꽈 예? 까풀처럼 이렇게 영 생기는 거 뭐렌 ᄀᆞᆮ는지?,68,8.9
612.wav,예. 꼭 언딘 거치룩 영 허자념니까?,20,3.59
613.wav,"지금 말론 순부두여 뭐여 ᄀᆞᆯ안, ᄀᆞᆮ는 거주마는.",30,3.37
614.wav,여기 강 들어도 저기 강 들어도 원 아는 사름이 엇어.,30,5.03
615.wav,순두부를 우리말로 여기 방언으로 이제 ᄀᆞᆯ을 사람이 실 건가?,35,5.27
616.wav,혹시 산듸도 갈아봅디가? 삼춘.,17,2.25
617.wav,일 년 농사. 봄에 일찍 가는 게 잇고 좀 늦엉 가는 게 잇고. 역시 또 것도 보릿그르에 가는 거 잇고.,58,7.89
618.wav,건 게난 수확은 늦게 갈수록 족아.,19,3.67
619.wav,경 헤영 것도 이 거두어들이는 건 역시 ᄄᆞᆫ 것덜허고 마찬가지.,36,5.25
620.wav,"그 호미로 비영 이제 가상을 터나 아니면 저 홀테에서 홀트나 메탁 기, 건 메탁긴 최근에 나온 거고.",56,9.24
621.wav,수확허는 건 다 ᄀᆞ튼 거고. 그것도 역시 여름농사니까 걸름은 아녈 거고.,41,5.89
622.wav,비룐 허고예? 그 산듸도 소끕니까? 그거는 검질?,27,4.68
623.wav,"에, 산듸, 아 요는 뭐이던지 복잡허게 나면은 우 ᄃᆞ탕은에 뒈들 아 녀.",41,7.55
624.wav,우 ᄃᆞ타부난에. 맞아 것도 싸움이 안 뒈는 거구나. 검질도 메야 뒈고. 그 산듸ᄊᆞᆯ은 귀헌 거 아니우꽈예? 여기는 논이 없지양?,73,12.57
625.wav,"곤떡 헤영 먹고 곤밥 헤영 먹고 이제 그건 요는 제사 때 곤밥허영, 곤밥허영 올리는 거 젤 ᄆᆞᆫ저 ᄀᆞᆯ아살 건디.",65,10.24
626.wav,곤밥 헤영근엥에 상에 올리고 곤떡허고 시루떡.,25,5.32
627.wav,그거 허곡. 경 또 여유 이시민 ᄑᆞᆯ앙근엥에 뭐 신발이라도 사고.,37,5.4
628.wav,"예, 게난 이제 예전에 산듸 간 용도는 제사를, 멩질허젠 헌 거라예?",38,6.15
629.wav,"주로 이제 ᄎᆞᆷ 부자칩이의서나 이제 사람들 먹엇주. 이제 우리 저 가 난헌 집의덜은 그거 ᄎᆞᆷ 제사 때나 먹엇주, 어린 때 당추.",74,11.05
630.wav,게난 그 곤밥에 대한 추억들은 하시쿠다예?,23,2.54
631.wav,"곤밥에 대헌 추억이야 뭐 어느 집의, 게난 옛날도 이 저 제사칩 아이덜 독헌덴 허는 말이 바로 그거지.",57,8.42
632.wav,"이 자기네 집읜 어려운 걸 그날 처녁은 준비헤영 나눠주니까 뭐 나 말 잘 들어사 헌덴 헤영근엥에 허곡. ᄎᆞᆷ, 그 어려운 그 뭘 그디 강근에게 얻어, ᄎᆞᆷ 젯밥 그 저 음복허곡.",101,16.34
633.wav,"이 그 식게, 식게 헤난, 식게칩이. 식게엔 헌 게 이거 중간에 말은 ᄄᆞᆫ 딜로 흘른디 먹을 식자가 식사엔 헌 식 자가 에 제사 지낼 식도 뒈여.",82,14.25
634.wav,제사 지내고 식게 지네레 감서 허민 제사 지내고 떡 먹으레 감서 헌 말이라.,42,5.07
635.wav,옛날에 떡허는 게 오직 식게 때 허난예?,22,2.9
636.wav,으으. 게난 지금 여기 학자덜토 식게 헌 건 방송엘 들으나 뭣에 허민 그 잘 그걸 ᄀᆞᆸ갈랑근에 ᄀᆞᆯ아주질 아녀는데 제사 지내고 떡 먹으레 가는 게 식게 먹 으레 감서 헌 말은.,100,16.08
637.wav,"겐디 이제 그렇게 하는데, 옛날에는예, 식가렌 헌 제도도 잇어난마씨. 식게가 아니라 식가렌 헤갖고 그 기제사가 잇으면 휴가를 줭은에 강 제사를 지냉 오렌 헌 게 그게 식가고.",97,18.45
638.wav,그래서 식게가 왐덴 헤갖고 학자덜은 경 ᄀᆞᆯ암수다. 이제. 게난 그런 것도 잇고 이런 뜻도 잇고.,55,8.53
639.wav,"게, 식게, 식게 그냥 이 제주도 방언이지만 한자음이라이.",32,5.76
640.wav,한자음. 이건 이 떡 개허고 이 제사 지낼 식허고.,28,6.19
641.wav,경헤근에 헌디 지금 나가 셍각헐 때에 앞에 식게 허면 한자를 찾을 수 잇는 한 찾아서 한자 놓고.,54,10.96
642.wav,뜻풀이 놓곡. 이 방언책을 요런 식으로 만들엇으면 이제 너나 헐 것이 알아먹기 쉽곡 뭐헐 게 아니냐 뭐이냐 허주마는 그거 지금 한자에 정신 주는 사 름도 엇고.,89,14.23
643.wav,또 옛날 거 나가 영 헤보니까 저디 웃으멍 노는 게 좋은 거지 그거 놩근엥게 영 그거 저거 ᄎᆞᆽ곡 그렇게 힘드니까이.,66,10.48
644.wav,게난 모든 게 경 어려운 거로고. 어려와. 지금 ᄎᆞᆷ 이거 지금.,37,5.51
645.wav,경 헤연 저번에 온 때에 지금 저 ᄉᆞ나이 남학생이 이거 얼마간 이 여기 줄 그엇는데.,48,7.62
646.wav,줄 그은 딜로 전부 우터렌 그냥 저 찍언 갓어.,26,3.76
647.wav,찍언 갓는데 이 저 그루후제 경 많질 못허여.,25,4.83
648.wav,예. 나중에 저도 베와 줍서. 경허고 그 산듸찍도 옛날엔 엇엉 못 썻잖 엣쑤가예?,45,8.22
649.wav,노 꼬고 멍석 ᄌᆞᆮ고 신 삼곡.,18,4.26
650.wav,신깍 내곡. 게난 산듸찍이 정말 생활에?,22,3.87
651.wav,"아이고, 우리 생활에 상당히 그 도움을 준 거주.",27,3.41
652.wav,아? 멍석 ᄌᆞᆽ는 거는 봐보고?,18,2.73
653.wav,"예, 예. 아, 거난 옛날에는 집집마다 멍석 하나 허젠 헤도.",34,5.78
654.wav,산듸찝 허영. 그거 이제 웃어른이 허면 그걸 영 두드리믄 헤낫주.,36,5.75
655.wav,"아, 두두림으로. 거 두드리는 건 뭐렌 헙니까? 냉중에 그 두드리는 거.",40,5.45
656.wav,예. 겅헹 이제 부드럽게 저기를 이제.,21,3.52
657.wav,물 풀 때는 입으로 푸 부릅니까?,18,2.29
658.wav,"아이, 물론 거. 입으로 푸무멍.",18,2.66
659.wav,입으로 품으멍. 겡은에 산듸찍으로 엇이민?,23,3.92
660.wav,그걸 입으로 뿜으라. 입으로 품으라.,20,3.33
661.wav,입으로 품으라. 왜냐허면 그게 젖지 않으면은 다 깨져부니까예?,34,5.21
662.wav,메주나 뭐 헐 때난 신 삼는 것도 강 빌어당근에 허곡.,30,4.71
663.wav,지금은 아메도 거 더듬더듬허영 ᄒᆞ를 걸렴직 허여.,28,5.19
664.wav,"아, 노도 꼬아야 뒈곡. 경 그 신깍을 잘 내야 뒌덴 헌게마는예?",36,5.02
665.wav,그게 이뻐. 이쁘게 해야 곱닥허게.,19,3.47
666.wav,"음, 경헤도 그 여기는 초신이렌 헙니까? 찝신이렌 헙니까?",32,5.35
667.wav,초신이옌예? 초신 삼을 때 왜 초신도 종류가 곱게 삼은 거 허고 그냥 ᄂᆞᆽ인 거 하고 그 깍에 따랑 ᄄᆞ난덴 허멍예?,66,9.97
668.wav,"노랑케 이제 깍, 붙, 깍이 노랑헤영근에 고니까 거 깍신은 이 깍신이 옌 허곡 붙깍신옌 허곡.",52,9.2
669.wav,"또 ᄒᆞ나. 뭐가, 막노동헐 때 신게 허는 게 뭐 거 잇는데, 잊어불엇 어.",42,6.66
670.wav,"그 옛날에 저기 깍도 막 여러 개 놓는 게 아니고, 세 개 삼갑실 헤갖 고 그 상 때. 영장 나면 그 상주들이 신어낫던 신 이런 거는.",75,12.59
671.wav,아 그거 역시 그냥 이 초신으로 그냥 신어낫어.,26,3.53
672.wav,그 깍 낼 때 미로 이런 식으로 내보진 아녀수가?,27,2.97
673.wav,깍신예? 경헤야 곱덴 허멍예?,16,2.76
674.wav,깍은 미로 헤근에 내기도 하고예? 게난 이 진짜 산듸는 제영 이런 집에 다 소용되는 거예? 이런 물건들 만들 때 이제 쓰는 거고. 산듸허멍은에 얽인 추 억같은 거?,91,15.63
675.wav,"그런 건 엇고예? 알앗수다. 이건 농사는 다 짓엉 가사쿠다. 이제 감저 농사허고예, 뭐.",49,8.09
676.wav,"이제는 감저, 아까 이제 공출도 허고 헷덴 허멍. 감저 농서허젠 허면 은 어떤 식으로 씨 묻는 것부터 시작헹은에 쭉 ᄀᆞᆯ아줍서?",72,10.11
677.wav,"그 씨, 처음 씨 묻는 걸 구광이라고 헤여이.",25,4.01
678.wav,"에, 구광을 넣어서 그 줄을 잘 키우면.",22,3.38
679.wav,"그거. 적당한, 적당한 길이가 뒈면은 그걸 가지고 밧듸 가서.",34,5.1
680.wav,"밧고지를 크게 헤영 이제 거기에 씰, 줄을 묻어두면 이제 거기에 닿는 저 열매가 부뜨는데 저 우에나 남군이나 거기허고 싱그는 게 이 도련은 틀 려.",82,12.95
681.wav,거기는 꾹꾹 질렁만 내불어도 뒈여.,19,2.23
682.wav,거긴 질렁만 내불어도 뒈는디 여긴 그렇게 허민 그냥 죽어불어.,34,4.96
683.wav,"아, 땅이 ᄒᆞ꼼 뜬땅이우과? 여기는.",21,3.48
684.wav,저 뜬땅엔 그냥 질렁만 내불어도 뒈는데 이 뒌땅엔 잘 다져줘야.,35,5.55
685.wav,"음, 게믄 이제 줄 싱겅 똑똑 눌르멍은에 싱거사키여예?",30,5.28
686.wav,그런 식으로 이제 헤야 뒈는구나.,18,1.7
687.wav,"지금은 장갑 쪙 허주마는 옛날은 장갑도 엇이 그냥 맨주먹, 맨손바닥 으로 그냥 막 다져야.",50,7.62
688.wav,"예, 게믄 그 감저 농사허젠 허면 준비허는 게. 어떤 식으로. 씨는, 씨는 어떵 놔두고 허는 거부터 ᄀᆞᆯ아줍서?",63,8.85
689.wav,"아, 씨는. 아니 이건 내중에 건 씬 젤 내중에 들어가야주이.",34,6.44
690.wav,내중에 들어가. 이건 이제 구광을 넣어서 줄을 키와서 밧듸 가서 심 고 이제 검질메고.,48,7.2
691.wav,이제 감저가 잘 들면 한자론 감저라고벳긔 쓸 수가 없어.,31,4.59
692.wav,감저 이제 감저가 들민은 이제 그걸 쟁기로 갈아.,27,4.67
693.wav,이젠 가져와. 가져당 보관을 허는데.,20,2.75
694.wav,이제 감젓구뎅이에 강 묻는 방법도 잇고.,22,3.04
695.wav,씨는 사름 자는 방에 넣어둬야 제일 안전헌 거.,26,3.55
696.wav,"아, 게믄 거는 뭐에 놩은에 그 방에는?",22,2.86
697.wav,방에는 그 그것만 놓게끔 그걸 만들어야.,22,3.15
698.wav,멕을 만드는 거우꽈? 아니면은?,17,2.62
699.wav,"아니, 멕에 허영 이런 벡장에 놔도 뒈고. 이곳이 마 골방ᄀᆞ치 우알더 레 영 헤놩 이 저 그 뭘로 영 가려지게.",63,9.72
700.wav,가리곡 내중에 카뎅이라도 영 쳐부리민 거기 몰르게.,28,4.2
701.wav,게난 그런 걸 그 흑 부뜨고 헐 걸 방안에 놓느냐 헐 사름도 잇지마는 젤 안전허게 보관헐 수 잇는 게 사름 살 수 잇는 그 온도라야 젤 보관이 좋은 거.,85,11.52
702.wav,게난 농민덜은 그거 저거 헐 거 엇이 수확헤여 오민 저장허는 방법 을 잘 알아둬야.,46,6.46
703.wav,게난 거기에 놓앗다가 ᄑᆞᆯ기도 허고.,21,2.1
704.wav,많이 넣으민. 또 다시 저 또 구광 놓곡.,23,4.27
705.wav,경허민 한 바꾸 영 도는 거.,16,1.78
706.wav,"아이고, 미안허우다, 삼춘. 감전 언제 갈아마씨?",27,4.08
707.wav,"오월, 오월 초 뒈지. 아, 사월달 뒈지.",23,4.48
708.wav,게난 구광 놓는 계절은 언제우과?,18,2.45
709.wav,"아아, 사월 오일 경 구광 놩. 줄.",20,3.26
710.wav,"경 헹 이제 허곡, 그 감저 싱글 때도 거름헙니까?",28,4.16
711.wav,"감저 싱글 때 으, 저 갈 때에.",18,3.3
712.wav,갈 때에 거름 좀 놔줘야 그건 좋주.,20,3.02
713.wav,으음. 주로 어떤 거름 놔신고예?,18,2.71
714.wav,"주로 퇴비들 조끔썩. 그 저 영 골 팡 놓는 수도 잇곡, 갈 때에 놓는 수도 잇고.",46,6.76
715.wav,집줄 물 적졍 쭉허게 놩 거기에 그냥 영 헤두면은 습기가 잇으니까.,37,5.36
716.wav,그거는 고량에 이렇게 놩은에 놔두는 거라마씨?,25,2.81
717.wav,골 팡 그 우에 감절줄 놔놩 흑 더펑.,21,3.22
718.wav,"아아, 그런 방법도예. 줄을 버리지 아넹은에 그런 식으로도 헷구나 예?",39,5.47
719.wav,경 아녀민 그 줄은 불 때는 거고.,19,2.58
720.wav,"음, 경 안허면 불 때고예? 아, 게믄 그 감젓줄로 이제 그 싱그는 거 이렇게 메 놓덴 헙니까? 여기는.",58,8.12
721.wav,감젓메 논덴 헙니까? 감젓메?,16,2.4
722.wav,구강 놓는 게 감젓메 놓는 거옌 허지예?,22,2.46
723.wav,구강엔 ᄀᆞᆮ는 사름도 잇고 감젓메엔도.,22,3.17
724.wav,"감젓메헤면 보통은 줄 어느 정도 크기 헐 때 싱거마씨, 이게?",34,4.69
725.wav,그 사십 센치 정도허면 그 정도씩 허영 짤랑 싱그는 거라예? 그 감저 밧듸도 검질메는 거예? 여름에.,56,8.08
726.wav,감젓검질도 메고. 옛날 감젓검질도 멧주마는 그 쉐로 헤갖고 구뎅이 굿 올리는 거. 건 뭐렌 헙니까? 골 가는 거?,63,11.09
727.wav,"게난 골도, 보리도 골 갈고 경 허지예?",22,2.95
728.wav,주로 허는 건 보리에 많이 허고.,18,2.01
729.wav,일단 감젓고지엔 그 줄덜 더퍼져 놓으니까.,23,3.37
730.wav,"아, 감저는 골 잘 안 가는구나예? 제가 어렷을 때 제가 보면 감저밧 듸도 그 구뎅이 올려준다고 골 갑디다.",60,9.64
731.wav,"ᄒᆞ는 건디 검질, 검질 안 메곡.",19,3.1
732.wav,경허민 경 허영 좋는디 그 줄이 영 벋어놓니까.,26,4.57
733.wav,줄 벋기 전에 건 올리는 거.,16,2
734.wav,그 감저 파젠 허면은 어떤 식으로 팟수가? 옛날에.,28,3.12
735.wav,응. 감저 쟁기로 갈기 전에는 줄 걷어얄 거 아니우과?,30,4.03
736.wav,이제 고지만 내앚졍 이제 갈아야.,18,2.46
737.wav,"음, 게민 저도 감저 줏이레도 가고 헤낫인디.",25,3.74
738.wav,겨민 감젓줄은 이제 담 우에 걸쳥 ᄆᆞᆯ류왕 소 양석.,30,5.19
739.wav,"네, 소 양석. 그게 영양가 한 거라예?",22,2.52
740.wav,"겅 헤영 이제, 이제 쉐로 갈앙은에 파는 거고예?",27,3.44
741.wav,그 다음에 아까 보관허는 거는 감젓눌 헤갖고 허기도 하고.,32,3.9
742.wav,"방 안네, 방 안네 보관도 허곡.",18,2.3
743.wav,방 안네 헐 때는 이런 뭐 상자치록 헹은에 짱은에 허는 것과 아니면 가멩이 ᄀᆞ튼 걸로.,49,6.86
744.wav,가멩이 헤영 그냥 놔둬도 뒈고 그냥 그런 뭐가 엇이면. 우린 요처럼 헨 저 골방ᄀᆞ치 이 저.,52,8.27
745.wav,요쪽에 영 헨에 그 잇어낫어.,16,2.19
746.wav,"아, 따로 골방치록 영 세왕 멘든 거라예?",23,2.97
747.wav,으. 게영 거긴 앞으로 두주 뭐허듯 영 낭으로 막으멍.,30,4.61
748.wav,낭으로 막으멍 건 칸 갈라지주게.,18,3.03
749.wav,게영 그거 ᄑᆞᆯ 때는 어떤 식으로 ᄑᆞᆯ앗수가?,27,3.05
750.wav,ᄑᆞᆯ 땐 사레 오민 ᄑᆞᆯ기도 허곡.,21,2.33
751.wav,옛날에 ᄑᆞᆯ 때도 무사 절간허영 ᄑᆞᆯ기도 허곡 그냥 쌩감,33,4.62
752.wav,"응, 응. 건 전부허는디. 생감저로도 가고. 절간헤영은에 그건 주정공 장으로 ᄑᆞᆯ레 가.",50,8.25
753.wav,그 뻿데기헐 때 얽힌 추억이 하실 거 닮아예?,25,3.01
754.wav,"그때에 그 추억은 널어서 ᄆᆞᆯ리, 그대로 비 안 오민 좋은데.",35,3.54
755.wav,비상이고 잘못허민 집안네 싸움도 나고.,21,3.24
756.wav,어디 갔다왔니 뭐허니 허멍 뭐.,17,2.05
757.wav,밤인 초롱 쌍 가사. 그때 전기 엇이난.,22,3.53
758.wav,전기 엇이난 초롱 쌍 강 놔둠서 그냥 글겡이 강 걷엉.,30,4.69
759.wav,이젠 ᄂᆞ람지 아졍 강 그냥 그디 그냥 더프는 거라.,29,3.91
760.wav,"예에, 게민 글겡이로 헷이면 절, 그 저 감저뻿데긴 어디 강 넌 거우과?",40,7.88
761.wav,테역밧듸. 그냥 밧듸는 안 널어마씨?,20,2.79
762.wav,그냥 밧듼 경 널어보지 아녀서.,17,2.45
763.wav,"아아, 저희는 그냥 밧듸 그냥.",17,2.55
764.wav,경허면 밤에도 건 허영허니까 그치룩허영 줏이고 허여낫인디.,32,5.03
765.wav,"경 아녀민 밧듸 넌 건, 안 줏지 않으면 안 뒈니까 열이면 열 개 손 다 헤여사니까. 테역밧듼 글겡이로 모이민.",62,8.27
766.wav,게믄 거는 불려야 뒈켜예? 글겡이로 헌 건.,24,3.63
767.wav,그렇지. ᄇᆞ름에 불리는 것사게.,18,2.41
768.wav,"아, 여기는 테엿밧들이 하난 모양이라예? 동네 너른 디 너도 나도 테 역밧 가실 거 아니예?",51,7.27
769.wav,"저레 헤영근에. 즉 말허면 이 우에, 옛 어른덜 그 지도서 사름덜이 마을 안네 새왓 이신 디 도련뿐이렌 허주.",61,11.17
770.wav,새왓도 잇엇낫어. 이 마을 안네. 테엿밧은 촐왓이고.,29,5.34
771.wav,"새왓듸, 새왓듼 감저 못 널어. 뻿데기.",22,4.23
772.wav,그렇주마씨. 둥치가 훍어부니까.,17,2.67
773.wav,농토가 제일 풍족한 곳이 도련이주.,19,3.12
774.wav,그냥 옛날부터 도련드르렌 헤십주양. 진드르허듯이양. 그 게민 감젓줄 로는 뭐 헷인고양?,48,7.59
775.wav,"예, 게영은에 집에 ᄒᆞᆫ 눌씩 눌고 헤낫수가?",26,3.89
776.wav,응. 게난 조칩이나 조칩 ᄒᆞᆫ 줄.,20,3.48
777.wav,감젓줄 ᄒᆞᆫ 줄 놓멍 눌을 눌어둬.,20,2.97
778.wav,게니까 이제 그 수확 시기가 거의 비슷허구나예. 조허고 ᄒᆞ꼼 ᄄᆞ난 디.,41,5.46
779.wav,따로 감젓줄엔 헙니까? 감저꿀엔 헙니까?,22,3.1
780.wav,감젓줄예. 감젓줄 먹진 아녀낫수가? 사름이.,24,4.46
781.wav,이파리 줄기 그거 헹근에게 좀 먹엇주.,21,2.6
782.wav,"음, 헹 대부분은 쉐 먹이고예?",17,3.54
783.wav,그 감저 이석 줏이레는 안 뎅겨봔마씨?,21,2.94
784.wav,"아아, 그때는 잘 감저허는 거는 하영 안 헷구나예?",28,4.21
785.wav,"음, 심부름을 많이 안헷주. 어쩌다가 엥기면 그냥 일덜 허고.",34,4.7
786.wav,그 감저로는 뭘 헤영 먹엇인고예?,18,2
787.wav,ᄊᆞᆯ 엇인 집은 감저도 양석으로 먹고.,22,2.44
788.wav,"으, 어떤 식으로 간식은 헨 먹엇수가?",21,2.86
789.wav,간식은 콩국 끌령놩근에게 콩국 ᄒᆞᆫ 사발 거려놓곡 감저 쳐당 앞의 놓곡 허민 거 먹엉근에게 때도 살고.,58,9.66
790.wav,"어, 그러면은 음 요즘은 영양식인디. 아, 게난 이제 감저를 먹드래도 짐치만 허는 게 아니라 콩국도 ᄀᆞ치 헤갖고 이렇게 먹엇다예?",73,12.07
791.wav,이 감저도 밥헐 때도 놓지 아념니까?,20,2.74
792.wav,"예, 주로 어떤 식으로 헐 때 밥헐 때 놔놘신고예?",28,3.34
793.wav,어떤 식으로 허영 허민. 겐디 감저 놩 헌 밥이 맛 좋아.,32,5.57
794.wav,게영 우리 어릴 땐 그걸 더 먹어낫어.,21,2.72
795.wav,그 뭐야 좁썰 놩 허고 허민 정말 별미라예?,24,2.72
796.wav,별미주. 지금은 아주 그 돈 많이 줘도 그거 어려울 거라.,32,3.76
797.wav,"좁썰도 잘 못 사. 맛 좋은 좁썰을 못 사니까. 경허고 삼춘, 그 감저뻿 데기로도 뭐 헤 먹읍니까?",55,8.6
798.wav,건 어떤 식으로 허는 거우과?,16,1.47
799.wav,ᄀᆞ를 헤영. 그걸로 떡허여 먹어.,19,2.43
800.wav,어떤 떡을 헤여? 그걸로. 감저뻿데기로는?,23,3.54
801.wav,"으, 개떡인디 줴기, 아니 줴기떡은 저 밀로 만든 거고.",31,5.21
802.wav,돌레떡. 둥그렁허게 헤연은에예. 아 감젓돌레. 그걸로 저기 침떡ᄀᆞ 뜬 거는 안 헤여마씨?,50,8.29
803.wav,"침떡은 아녀보고 돌레떡 헤영 개떡 식으로 경헹 먹은 거라예? 그다음 삼춘, 그 말고 혹시 수박이라든가?",57,8.31
804.wav,"고치, 어린 때야 그 뭐 집에 먹을 걸 쪼금 그자.",28,3.97
805.wav,거 뭐 헷는디 요즘 와서 조금.,17,1.66
806.wav,"아, 고치 싱것고예? 저기 ᄂᆞᄆᆞᆯ은 갈아마씨?",27,3.72
807.wav,"아, ᄂᆞ물도게 농촌에 살면서 자기대로 헤 먹는 게 그 저 재미니까.",38,6.19
808.wav,또 맛도 좋고. 자기 공들어야.,17,2.91
809.wav,공들어야 맛도 좋고예? ᄂᆞᆷ삐도 여기 하영 갑니까? 여기는.,34,4.89
810.wav,"예, 거는 허고, 감저는? 지실? 지슬?",22,4.96
811.wav,지실은 우리 집의 쯤은 멧 굿 놩 허니까 별미가 뒈여이.,31,5.06
812.wav,"아아, 지실은 어떤 식으로 허는 거우과?",22,2.08
813.wav,지실은 그냥 밧듸 강 저 과수원 트멍에.,22,3.47
814.wav,조금 헹 놧다근엥에. 견디 꿩 앞의 일러부카부덴 그냥 그물도 다 치 곡.,40,6.4
815.wav,"아아, 게난 그 과수원에 그냥 지슬은 멧 개 싱검구나예?",31,4.46
816.wav,멧 굿 놤구나예? ᄆᆞ멀들은 하영 갈앗어예? 여기예?,29,4.64
817.wav,"아, 여기는 그냥 조허고 보리 이런 거엿구나양?",26,2.97
818.wav,"아아, 삼춘넨 ᄆᆞ멀 갈아보지 않고?",20,2.75
819.wav,안 갈아봔예? 혹시 여기 그 담배 ᄀᆞ튼 것도 싱거낫수과?,32,4.1
820.wav,"아, 혹시 삼춘도 싱거봔마씨?",16,2.16
821.wav,난 하르버지 허는 것만 봐낫어.,17,1.89
822.wav,"예, 그 봐난 것만이라도 어떤 식으로 허드란 거 ᄀᆞᆯ아줍서?",34,4.55
823.wav,파니 만들엉 거기 씨 뿌렷당.,16,2.55
824.wav,이젠 그거 ᄒᆞ나ᄒᆞ나 이젠 심어.,19,2.71
825.wav,옮경 싱겅 커 가면 이파리 땅. 이젠 이파릴 여깡.,28,4.71
826.wav,이젠 ᄆᆞᆯ류와. 이제 공판허곡.,18,2.61
827.wav,음. 공판허곡. 혹시 그 이파리 여껑 허면 이렇게 이제 무끄기도 헐 거 아니우과? 멧 개씩 여끄는 건 알아지쿠과?,63,8.7
828.wav,적당허게. 이렇게 싱근 거는?,16,2.52
829.wav,"경 허영 그런 거를 뭐, 뭐 부르는 일름은 엇어마씨?",29,3.98
830.wav,"게메, 그걸 담배 ᄋᆢ깡 ᄆᆞᆯ리우켜 허영 그자.",27,3.95
831.wav,게영 그거 ᄑᆞᆯ 때는 멧 개씩 헹은에 뭐?,24,2.83
832.wav,무게로. 무게로. 옛날 같은 경우는?,20,2.71
833.wav,옛날에 열 개 허면은 ᄒᆞᆫ 접이여 이런 식으로는 안 헤봔마씨? 여기서는.,41,4.32
834.wav,"아, 그건 ᄑᆞᆯ레 가젱 허민 그 요만이 허영은에 요거 담배 잎으로 그냥 감앙.",44,6.08
835.wav,"영, 경 허민 그것이 ᄒᆞᆫ 쓰무 개썩은 놘 무껌실 거라. 거 이 한 둘레 가.",44,7.45
836.wav,ᄒᆞᆫ 돌레가. ᄒᆞᆫ ᄃᆞᆯ레 영 헙니까? 스무 개. 무끈 거예? 열 개씩도 무끈 덴 허곡 영 ᄀᆞᆯ안게마는.,62,8.75
837.wav,그거는 정확한 기억은 없고예?,16,1.68
838.wav,"옛날에는 여기 그, 함덕 하면 막 베추 ᄂᆞᄆᆞᆯ. 배추가 막 유명헤낫지 아 녀수가예?",48,6.06
839.wav,이 집에 짐치 담앙 먹을 것도 삼양 강. 여기서도 뒈는 걸.,33,4.84
840.wav,여기서도 뒈는 걸. 거기 안 가면 안 뒈는 줄 알앙. 삼양 지금 저 학 교 그 곁에덜 강 밧 요만썩 헹 ᄒᆞᆫ 발에 얼마썩 헤영.,72,10.66
841.wav,삼춘네도 그 속앚인ᄂᆞᄆᆞᆯ허젠 허면은 강 빌엉 헤낫수가?,32,4.71
842.wav,"건 어떤 식으로 빌엉, 어떤 식으로 갈아낫수가? 배추는?",31,3.56
843.wav,"짐치 헤영 먹고. 음, 게 그렇게 해서 헌 게 우리 김장 아니라예? 요즘 예?",43,6.95
844.wav,예전엔 배추렌 안 헹은에 다 ᄂᆞᄆᆞᆯ 갈앗덴 영 헤낫수과?,33,4.2
845.wav,배치ᄂᆞᄆᆞᆯ. 것도 속 안 앚는 거. 들머귀여 뭐여 상당이. 오히려 옛 어른덜 말허는 거 보민 들머귀가 더 맛 좋앗젠 헤여.,70,11.97
846.wav,그 들머귀는 속 안 앚는 거 아니우과?,21,3.09
847.wav,아니 앚는 거. 파랗게 녹색으로.,18,2.46
848.wav,들머귀예? 게민 그걸로도 이제 짐치 헹 먹고. 그 다음에 이제 뭐 지 금은 갓이렌 허주마는 여기는. 갓 알아지쿠과?,64,9.72
849.wav,갯ᄂᆞ물로도 짐치 하영 헤먹엇어예?,19,2.45
850.wav,갯ᄂᆞ물은 일부러 갈질 아녀고.,17,2.53
851.wav,그냥 저런 디 자꾸 씨 불려낭은에 갈지 아녀도 그 담 에염에덜 만허 여.,40,6.52
852.wav,경허민 그거 헤당은에 자기 밧듸 거.,20,3.38
853.wav,"예, 경 허영은에 먹고. 이것저것 하영 허고. 그 ᄂᆞᆷ삐 ᄀᆞ뜬 것도 허영 썰엉 ᄆᆞᆯ리기도 허고예?",57,8.99
854.wav,"음, ᄂᆞᆷ삐도 저기 배추ᄂᆞᄆᆞᆯ 헐 때 ᄀᆞ치 헙니까?",32,4.06
855.wav,예. 알앗수다. 농사를 여기 혹시 용시렌 헙니까?,27,3.62
856.wav,물어보쿠다예. 옛날 그 쉐 질롸낫지예?,21,3.73
857.wav,"쉔 질룰 때 이제 결혼헤서 처음에 소, 소를 없은 때는 놈으 쉐 멤 쉐 메연.",43,8.36
858.wav,멤쉐 그 ᄄᆞᆫ 사름 돈 잇는 사름이 소가 두 머리 잇으면 그거 ᄒᆞᆫ 머리 암소 가져다가 그걸 키우면서 새끼 낳민 그거 반착씩 이제 나누어서 이제 임자 반 나 반.,92,13.29
859.wav,"헤서, 거 키, 키우면서 키우면서 이제 소는 이제 불롸가는 거. 이제 숫자를.",43,7.38
860.wav,그 우리 제주도 말로 하영 헤예?,18,2.66
861.wav,쉐 종류는 어떤 종류덜 이신고예?,18,2.37
862.wav,"쉐 종류는 그거예, 지금에 와서는 말할라고 그러니까 갑자기 조금 그 여라 가진데.",45,7.56
863.wav,식쉐라는 건 저 요즘 말허는 그 저 육지서 말허는 칡소.,31,4.55
864.wav,"식쉐. 뭐 어럭쉐도 검은어럭, 노랑어럭.",22,4.33
865.wav,"음, 검은어럭은 어떵허고, 노랑어럭은 어떵헙니까?",27,4.14
866.wav,"검은어럭은 검은, 검은 털에 하얀색 들어간 거고.",27,3.85
867.wav,노랑어럭은 노란색에 하얀 털이 들어간 거.,23,2.77
868.wav,게믄 노랑어럭쉐 검은어럭쉐. 그 뿔 모양으로도 ᄐᆞ나지예?,32,4.73
869.wav,"뿔은 접박부리, 건지뿔. 또 아이고, 앞더레 돌아온 거 뭐인지 모 르겟다, 그건.",45,7.22
870.wav,"접박부린 이 뿔 끗이 두이로 이제 이렇게 돌아가니까 이제 옆구릴 이렇게 허민 옆구리 박을 수 잇는 게 이 접, 접을 박아분다.",70,11.66
871.wav,접은 이 모가지 이디. 모가지.,17,3.08
872.wav,"이렇게 허면은 여길 박을 수 접 박는, 접을 박는다.",29,5.34
873.wav,"예, 예, 예. 접박부리 잇고.",17,2.24
874.wav,"건지뿔은, 건지뿔은 우로 올라간 거.",20,3.38
875.wav,다시 이 앞으로 올라간 것은 바른 뿔은 잘 모르겠네.,29,4.85
876.wav,"아, 것도 튿냉 놔둡서. 나중에.",18,2.87
877.wav,앞으로 돌아간 거. 그걸 나도 이따가 쫌 메모해야 다시 들어봐야 뒈 겟네.,41,6.01
878.wav,"예, 예. 접박뿌리 잇고, 건지뿔은 위로 간 거고예?",29,4.86
879.wav,게고 ᄃᆞᆯ각부리가 잇는데. ᄃᆞᆯ각뿌리.,23,4.12
880.wav,암소에 잇어가지고 이렇게 흔들어지는 거.,22,3.18
881.wav,뿔이 힘엇이 이렇게 흔드는 ᄃᆞᆯ각부리.,22,3.58
882.wav,게난 뿔 모냥으로도 이제 ᄄᆞ나는 거잖아예?,24,2.93
883.wav,"그 다음에, 아까는 털 색깔로 헌 거는 아까 얘기를 한 거고예? 그런 거 말고 이제 어린 쉐는 어떤 거 이십니까?",63,8.6
884.wav,"어린 쉐에는 뭐 금승하면 금승에도 이제, 그 검게 나민 검은 송아 지 낳저.",42,6.82
885.wav,"이제 노랑 송아지 낳저. 뭐 이제 색깔이 거줌 어련, 어머니 배 베꼇 듸서 떨어지면은 색깔덜이 거줌 아는 사람덜은 아니까.",68,11.25
886.wav,"그렇게 헤서 무슨 새끼 낫저. 금승, 다간, 이제 사릅, 나릅.",35,6.19
887.wav,"이제 나릅, 금승, 다간, 사릅, 나릅, 다습.",26,5.22
888.wav,예. 그러면은 그 ᄋᆢ습 이런 말은 안 써마씨?,26,3.85
889.wav,ᄋᆢ습ᄁᆞ장은 지금 들어보질 아녀진 것 같은데.,26,3.34
890.wav,다섯까지. 그 손 어떵 이용헤낫수과? 쉐들.,24,4.81
891.wav,"쉐덜은 키웁당근엥에 주로 이제 저 마차, 마차허곡.",28,6.11
892.wav,"마찬 그 저 쉐, 일본말론 구루마고.",20,4.26
893.wav,이제 우리말론 이제 차옌 허연 헌디. 이제 그걸로 허곡 밧갈이 허고.,38,6.34
894.wav,또. ᄄᆞᆫ 디보단도 여기서는 그 조 갈 때엔 조는 잘 밟아줘야 그게 이제 커도 이 저 자빠지지 아년.,57,8.38
895.wav,건실허니깐 잘 밟아주민 존 상당히 좋다고 헹근에 조도 밟고. 여러 머리 이시면 밧테 강 여러 머리 담아놩 그냥 돌리면 빨리 밟아졍 것도 상당히 좋은 거고.,86,13.08
896.wav,쉐도 그런 식으로 밧 ᄇᆞᆯ리는 디도 썻어예?,25,2.39
897.wav,"아, 구루마 끗는 데도 쓰고예?",17,2.68
898.wav,그 쉐 질들일 때는 어떵헤근에 헙니까?,21,2.89
899.wav,"질들일 때엔 이제 그 돌코옌 헤영근에 끗엉 당기는 돌이, 돌이 잇는데, 이런 둥글렁헌 돌 그냥 무거운 돌.",59,9.9
900.wav,그거 헤영근에 구멍 뚤벙 거기에 끈을 무꺼놩.,25,3.56
901.wav,"이제 소 그 밧 멍엘 그대로 씌왕 겡 끗어아졍 그냥 다니멍 이제 이 목도 든든하게 이제 막 울리곡, 뭐허면은 목도 든든하고. 이제 멍들어근에 여기에.",83,13.15
902.wav,게영 그 질들이기 전에 쉐 이름 불르는 것도 잇수과?,29,3.56
903.wav,질들이기 전에는 뭐 별 그자 송아지 이젠 밧 ᄀᆞ르쳐사 허켜 헤영근 에 이 저 크멘.,47,7.59
904.wav,밧 ᄀᆞ리쳐사켄 허영 모아들엉덜 장난 부쪙근네 ᄒᆞᆫ번에 쟁기 부쪈근 엥에 가는 사름도 잇곡.,52,7.49
905.wav,"그런 사람도 잇고, 아니면 그 아까 그 돌코헤영근에 끗엉 막 가름 돌 멍.",41,6.76
906.wav,헤놩 이젠 그 쟁길 메왕근엥에 놩 밧듸 강. 것도 도덜을 전부 다왕근 에게 튀어나지 못허게.,51,9.46
907.wav,"경 헤영 소 가는 대로 그냥 막 가 놩, 이제 쉐가 지치멘.",33,4.47
908.wav,"그젠 저 시기는 대로 말이 잘 들어, 그땐.",24,3.04
909.wav,지치기 전엔 제멋대로 막 허고.,17,2.02
910.wav,지칠 때까지가 쉐 ᄀᆞ르치는 거구나예?,21,2.18
911.wav,겡은에 아까 쉐 나이 허는 금승부터 세는 거예?,26,3.23
912.wav,"예. 금승, 다간, 사릅, 나릅, 다습.",22,4.03
913.wav,ᄋᆢ습까지도 들어진 것도 같으다.,18,1.86
914.wav,"게니깐 다섯 살, ᄋᆢ섯 살 뒈민은.",20,2.81
915.wav,게난 얼마야 사는지 그건 우리가 모르고.,22,3.17
916.wav,것은 수명이 죽는다는 건 보는 건 건 옛날은 좀 드물었으니까.,34,4.79
917.wav,"요는 ᄎᆞᆷ, 어디 늙어 가민 이거 일 못허게 뒈여가민 그자 도살헤영 저 먹음도 허엿고.",49,6.86
918.wav,"예. 삼춘, 그 쟁기도 직접 혹시 만들어봅디가?",26,3.75
919.wav,쟁기렌 험니까? 여기는 잠대렌 헙니까? 이 동네?,27,3.82
920.wav,여기는 쟁기. 잠대란 말은 안 들어보곡.,22,3.3
921.wav,게믄 그걸 잠대 서끈다 허지예? 잠대 허게 뒈면은 부분 명칭덜 다 알아지쿠과? 이렇게 허면.,51,8.71
922.wav,그 헤면은 어느 부분 어느 부분헹은에.,21,2.71
923.wav,"몽클. 요건 저 설칫대, 요 가운데 거는.",23,3.66
924.wav,"연결, 그 저 멍에에 연결뒈는 거이.",20,3.25
925.wav,ᄃᆞᆯ벵이뿔. 이젠 여긴 양줏머리. 이 저 배에 대는 디.,32,5.22
926.wav,그 다음에 또 들어갈 게 뭐 잇수가?,20,1.7
927.wav,그 벳받침이 거기 있어. 벳받침.,18,2.17
928.wav,"예, 그걸 벳공젱이렌 헙니까?",16,2.29
929.wav,"벳받침이엔도 허곡예, 벳받침. 그 다음 여기가 벳이 잇일 거 아니라 예?",40,5.62
930.wav,이렇게 잇인 거우과? 이게 벳. 그 다음에 이 끝에는?,30,4.46
931.wav,"아, 여기는 양줏머리. 이 쟁기도 종류가 ᄐᆞ납니까?",29,4.32
932.wav,"아, 일정예. 게믄 무사 막 골 갈고 영허젠 허면 그 거는 벳만 가졍은에 조정허는 거.",48,6.48
933.wav,"벳만 ᄄᆞᆫ 벳 부쪙, 골 타는 벳, 골 타는 벳 그 양쪽데레 잦혀지는 게 있어.",45,6.15
934.wav,그거 붙이면은 이제 골 갈곡.,16,1.79
935.wav,"음, 그렇지 않으면은 그 다음 밧 갈 때는 이제 하고예?",31,3.63
936.wav,"밧 갈 때는 그냥 벳, 한쪽으로 넹기는 벳하고.",26,3.4
937.wav,"예, 한쪽으로 헤서 이제 하고. 그 질메는 어떵 뒙니까? 질메는 허기 뒈믄 이렇게 뒈신가 모양이.",54,8.03
938.wav,질메도 그 부분 명칭들이 이신가마씨?,20,2.48
939.wav,건 도굼. 양쪽에 이렇게 부떠가지고 이제 살.,25,3.82
940.wav,여기에 이렇게 덧대는 거 말허는 거 아니우과예? 북삭북삭.,32,3.37
941.wav,북석북석이 기지로 만들엉근엥에 허난 옛날은 산듸찝을로 허던가.,34,4.85
942.wav,"예, 천 헤영예? 예, 도곰. 그 다음에 등바대는 어느 거우과?",35,5.24
943.wav,"아아, 도곰이 이제 등 이렇게 받치니까, 예예예예예예.",30,4.96
944.wav,이제 요건 질멧가지. 요 큰 건.,18,2.84
945.wav,"예, 예. 이 밖엣 거는 질멧가지.",19,2.67
946.wav,"예, 질멧가지, 것도 두 개.",16,2.52
947.wav,"에, 그 가운데, 지금 요디 두 갤 요렇게 꿰야 허는데.",31,3.67
948.wav,이쪽 거하고 저쪽 거하고 그 이렇게 헤서 꿰야는데 그거 이름을 모르겠네.,40,4.69
949.wav,나중에 저기 알아봥 그림 그령 놔둡서예?,22,2.32
950.wav,질멧가지 잇고. 그 다음에 삼춘 멍에도 잇지 아녀우꽈예?,31,3.52
951.wav,멍에도 영 허면 이렇게 뒈는가?,17,1.76
952.wav,"으, 으. 멍에 요쪽으로 걸리고.",18,3.45
953.wav,이추룩. 쉐는 얼로 일로 연결허여?,19,3.68
954.wav,"일로 어쨋든 머리가 이레 오던 이레 오던 지금 일직선으로 뒈여부리 니까 헌데 이제 여기서 이렇게 이 줄이 한줄. 아, 저 한줄.",71,10.53
955.wav,"예, 예, 예, 예, 예, 예.",17,1.1
956.wav,이렇게 왕 여기 저 허곡 또 요거 요렇게.,23,2.97
957.wav,"아이고, ᄎᆞᆷ, 뭐허긴 허다이. 어.",21,3.25
958.wav,"여기 영 저기 뭐 잇자누꽈예? 이렇게 허영 여기에 소, 쉐 연결허는 거예?",41,5.71
959.wav,"멍에고, 여기가 등테가 잇고. 등테. 이.",23,3.92
960.wav,긴 줄이니까 한줄이렌 허는구나예?,18,2.32
961.wav,"이, 여기 그 낭으로 뒌 멍에 뒌 거는 이 낭은 무신 거렌 헙니까?",37,5.15
962.wav,그냥 멍에. 보통 무신 걸로 만들어마씨?,22,2.91
963.wav,"보통 에, 건 여라 가지 나무.",17,2.66
964.wav,"요것, 요것은 유름줄로 대개 허는디.",20,2.89
965.wav,"으, 너덩허고 유름줄은 ᄀᆞ튼 거우과?",21,2.71
966.wav,"아, ᄀᆞ튼 거예? 너덩예? 그런 줄기를 너덩이렌 허는 거구나예?",36,5.84
967.wav,너덩은 이런 디 왕 쓰면은 너덩이 뒈부는 거고.,26,3.01
968.wav,이제 그냥 유름으로 헐 때엔.,16,1.68
969.wav,유름줄은 ᄃᆞ렛줄엔도 허고. 거 여라 가지.,24,3.39
970.wav,게난 요거 두 갠 잊어불엇네이.,17,1.74
971.wav,"요딘 다시 요게 이 밑으로 요렇게 헤가지고 이 접게가 잇어이, 접게.",38,5.71
972.wav,"예, 예, 예, 예, 예, 예. 맞수다, 맞수다.",27,1.88
973.wav,"예, 접게 잇고, 음 접게 잇고, 이 쟁기에 하는 이 저기 꼬리 하는 거.",41,6.3
974.wav,이걸 잊어불엇수가? 이거허고 이 줄허고. 이것도 잘 알아봥 놔둡서. 내중에 한 번 더 물어보쿠다예.,55,7.93
975.wav,내중에 저 그건 저기 강덜 알아봐야커라.,22,2.87
976.wav,그림 그리멍들 알아봐 줍서. 여긴 목장도 잇인가마씨?,29,3.55
977.wav,에 목장은 주로 이 명도암 우에 가서 이제 이 여름나면.,31,4.44
978.wav,"그 저이, 더윌 피허고 저 목장으로 올라가면 다시 이 저 물컷, 그 진 두기나 뭐 이제 공동방제허기가 상당히 쉬우니까.",66,10.7
979.wav,"이걸로 쓰니까예, 겅 허영은이 이제 하고.",23,3.37
980.wav,"경 허영 허곡, 다시 지금 목장에, 그 저 ᄀᆞᆽ인, ᄀᆞᆽ인 목장에 올라가기 전에는 이제 그 마을 목장.",59,7.84
981.wav,조그만허게 ᄒᆞᆫ 멧 만 평정도 헹근에게 거기서 돌아가면서 거기서 번 멕이고.,43,7.48
982.wav,"음, 겅헌 걸 번 멕인덴 헙니까?",18,2.57
983.wav,"돌아가면서 오늘은 이 집, 이제 그 차례로 돌아가면서 소 보는 걸 번.",39,5.61
984.wav,"이젠 늴은 느네가 번이여이 허영, 모린 느네가 번이여 허곡.",33,4.88
985.wav,"으음, 게믄 그런 쉐를 번쉐헙니까?",19,2.72
986.wav,집에서 메는 거는 멤쉐허고예?,16,2.21
987.wav,"번쉐허곡 맴쉐 허곤 그 차이가, 맴쉐허면은.",24,3.94
988.wav,같이 그날 관리해 주는 거. 그날 관리해주는 거.,27,2.89
989.wav,게믄 그 관리허는 사름을 뭐렌 헤여마씨? 그 허는 일을 번?,33,4.1
990.wav,오널은 느네가 번이여 모린 누게네가 번이여.,24,3.68
991.wav,"으, 그래서 번인가 보다예. 당번 헤갖고예?",24,3.23
992.wav,차례를 차례로 나간덴 말이주.,16,1.81
993.wav,"예, 예, 예, 예. 그 쉐 키우멍 그 잊어불지 못하거나 아니면은 그 경 험담예, 재미있었던 일 같은 거 잇이믄 ᄀᆞᆯ아줍서?",70,10.19
994.wav,"쉐 질들일 때도 ᄎᆞᆷ 나도 이제 그 밧, 그 쉐가 보, 잘 나가다가 쉐도 꿰가 잇는 놈은 요망을 내거든. 노망허고 요망은 틀린 거주게.",76,13.75
995.wav,이제 뭘 부린다고 허까. 이제 사람이면 그 살짝살짝 빼여지곡 뭐허곡 헹근에 일을 아녈라고 그런 뭐.,55,8.54
996.wav,"그런 그 뭐가 잇는데. 에 짐 실런 오단에 그 구루마 찬, ᄎᆞᆷ 그 마차 찬 차 그냥 드러눵근엥에 일어나지 아녈 때가 잇어게.",71,10.68
997.wav,것도 ᄄᆞᆫ 거 보민 그 소가 그 좀 소머리도 그런 거 보민 영리허긴 영 리헌 거라. ᄄᆞᆫ 거 보면은 그 짓을 허는 쉐가 잇어.,72,8.29
998.wav,"아무 거 그런 거 저런 거 안 보면은 묵묵히 일을 잘허는데, 그런 거 보면은 이제 경허난 그런 소는 이제 힘이 잇는 사람한테는 가면은 꼼짝 못헤부리 고.",85,12.03
999.wav,이제 힘이 좀 약헌 사름안티 가면은 그냥 제멋대로 임잘 막 놀려먹 주.,39,4.35